,s1_style,s2_allweather,s3_rotation,s4_targetvol,ew,spy
2016-07-01,1.0,1.0,1.0,1.0,0.9999999999999999,1.0
2016-07-05,0.0,0.0,0.0,0.0,0.0,0.0
2016-07-06,0.0,0.0,0.0,0.0,0.0,0.0
2016-07-07,0.0,0.0,0.0,0.0,0.0,0.0
2016-07-08,0.0,0.0,0.0,0.0,0.0,0.0
2016-07-11,0.0,0.0,0.0,0.0,0.0,0.0
2016-07-12,0.0,0.0,0.0,0.0,0.0,0.0
2016-07-13,0.0,0.0,0.0,0.0,0.0,0.0
2016-07-14,0.0,0.0,0.0,0.0,0.0,0.0
2016-07-15,0.0,0.0,0.0,0.0,0.0,0.0
2016-07-18,0.0,0.0,0.0,0.0,0.0,0.0
2016-07-19,0.0,0.0,0.0,0.0,0.0,0.0
2016-07-20,0.0,0.0,0.0,0.0,0.0,0.0
2016-07-21,0.0,0.0,0.0,0.0,0.0,0.0
2016-07-22,0.0,0.0,0.0,0.0,0.0,0.0
2016-07-25,0.0,0.0,0.0,0.0,0.0,0.0
2016-07-26,0.0,0.0,0.0,0.0,0.0,0.0
2016-07-27,0.0,0.0,0.0,0.0,0.0,0.0
2016-07-28,0.0,0.0,0.0,0.0,0.0,0.0
2016-07-29,0.0,0.0,0.0,0.0,0.0,0.0
2016-08-01,0.5645603499282454,0.1587028070686674,0.5292134794056002,0.5292134794056002,0.010104447645679401,0.0002904459416845917
2016-08-02,0.0,0.0,0.0,0.0,0.0,0.0
2016-08-03,0.0,0.0,0.0,0.0,0.0,0.0
2016-08-04,0.0,0.0,0.0,0.0,0.0,0.0
2016-08-05,0.0,0.0,0.0,0.0,0.0,0.0
2016-08-08,0.0,0.0,0.0,0.0,0.0,0.0
2016-08-09,0.0,0.0,0.0,0.0,0.0,0.0
2016-08-10,0.0,0.0,0.0,0.0,0.0,0.0
2016-08-11,0.0,0.0,0.0,0.0,0.0,0.0
2016-08-12,0.0,0.0,0.0,0.0,0.0,0.0
2016-08-15,0.0,0.0,0.0,0.0,0.0,0.0
2016-08-16,0.0,0.0,0.0,0.0,0.0,0.0
2016-08-17,0.0,0.0,0.0,0.0,0.0,0.0
2016-08-18,0.0,0.0,0.0,0.0,0.0,0.0
2016-08-19,0.0,0.0,0.0,0.0,0.0,0.0
2016-08-22,0.0,0.0,0.0,0.0,0.0,0.0
2016-08-23,0.0,0.0,0.0,0.0,0.0,0.0
2016-08-24,0.0,0.0,0.0,0.0,0.0,0.0
2016-08-25,0.0,0.0,0.0,0.0,0.0,0.0
2016-08-26,0.0,0.0,0.0,0.0,0.0,0.0
2016-08-29,0.0,0.0,0.0,0.0,0.0,0.0
2016-08-30,0.0,0.0,0.0,0.0,0.0,0.0
2016-08-31,0.0,0.0,0.0,0.0,0.0,0.0
2016-09-01,0.0010382959412902487,0.014824363638423599,0.009301740443961398,0.6077528693671845,0.004473895045478404,8.697730269346948e-08
2016-09-02,0.0,0.0,0.0,0.0,0.0,0.0
2016-09-06,0.0,0.0,0.0,0.0,0.0,0.0
2016-09-07,0.0,0.0,0.0,0.0,0.0,0.0
2016-09-08,0.0,0.0,0.0,0.0,0.0,0.0
2016-09-09,0.0,0.0,0.0,0.0,0.0,0.0
2016-09-12,0.0,0.0,0.0,0.0,0.0,0.0
2016-09-13,0.0,0.0,0.0,0.0,0.0,0.0
2016-09-14,0.0,0.0,0.0,0.0,0.0,0.0
2016-09-15,0.0,0.0,0.0,0.0,0.0,0.0
2016-09-16,0.0,0.0,0.0,0.0,0.0,0.0
2016-09-19,0.0,0.0,0.0,0.0,0.0,0.0
2016-09-20,0.0,0.0,0.0,0.0,0.0,0.0
2016-09-21,0.0,0.0,0.0,0.0,0.0,0.0
2016-09-22,0.0,0.0,0.0,0.0,0.0,0.0
2016-09-23,0.0,0.0,0.0,0.0,0.0,0.0
2016-09-26,0.0,0.0,0.0,0.0,0.0,0.0
2016-09-27,0.0,0.0,0.0,0.0,0.0,0.0
2016-09-28,0.0,0.0,0.0,0.0,0.0,0.0
2016-09-29,0.0,0.0,0.0,0.0,0.0,0.0
2016-09-30,0.0,0.0,0.0,0.0,0.0,0.0
2016-10-03,0.002379695709657223,0.04690243083578513,0.010225517528285544,0.03259885917497317,0.0073143223156503095,2.616173944147704e-11
2016-10-04,0.0,0.0,0.0,0.0,0.0,0.0
2016-10-05,0.0,0.0,0.0,0.0,0.0,0.0
2016-10-06,0.0,0.0,0.0,0.0,0.0,0.0
2016-10-07,0.0,0.0,0.0,0.0,0.0,0.0
2016-10-10,0.0,0.0,0.0,0.0,0.0,0.0
2016-10-11,0.0,0.0,0.0,0.0,0.0,0.0
2016-10-12,0.0,0.0,0.0,0.0,0.0,0.0
2016-10-13,0.0,0.0,0.0,0.0,0.0,0.0
2016-10-14,0.0,0.0,0.0,0.0,0.0,0.0
2016-10-17,0.0,0.0,0.0,0.0,0.0,0.0
2016-10-18,0.0,0.0,0.0,0.0,0.0,0.0
2016-10-19,0.0,0.0,0.0,0.0,0.0,0.0
2016-10-20,0.0,0.0,0.0,0.0,0.0,0.0
2016-10-21,0.0,0.0,0.0,0.0,0.0,0.0
2016-10-24,0.0,0.0,0.0,0.0,0.0,0.0
2016-10-25,0.0,0.0,0.0,0.0,0.0,0.0
2016-10-26,0.0,0.0,0.0,0.0,0.0,0.0
2016-10-27,0.0,0.0,0.0,0.0,0.0,0.0
2016-10-28,0.0,0.0,0.0,0.0,0.0,0.0
2016-10-31,0.0,0.0,0.0,0.0,0.0,0.0
2016-11-01,0.551923095028863,0.02023281384053234,0.6698195409404413,0.24854400060005863,0.007809703276326477,8.215650382226158e-15
2016-11-02,0.0,0.0,0.0,0.0,0.0,0.0
2016-11-03,0.0,0.0,0.0,0.0,0.0,0.0
2016-11-04,0.0,0.0,0.0,0.0,0.0,0.0
2016-11-07,0.0,0.0,0.0,0.0,0.0,0.0
2016-11-08,0.0,0.0,0.0,0.0,0.0,0.0
2016-11-09,0.0,0.0,0.0,0.0,0.0,0.0
2016-11-10,0.0,0.0,0.0,0.0,0.0,0.0
2016-11-11,0.0,0.0,0.0,0.0,0.0,0.0
2016-11-14,0.0,0.0,0.0,0.0,0.0,0.0
2016-11-15,0.0,0.0,0.0,0.0,0.0,0.0
2016-11-16,0.0,0.0,0.0,0.0,0.0,0.0
2016-11-17,0.0,0.0,0.0,0.0,0.0,0.0
2016-11-18,0.0,0.0,0.0,0.0,0.0,0.0
2016-11-21,0.0,0.0,0.0,0.0,0.0,0.0
2016-11-22,0.0,0.0,0.0,0.0,0.0,0.0
2016-11-23,0.0,0.0,0.0,0.0,0.0,0.0
2016-11-25,0.0,0.0,0.0,0.0,0.0,0.0
2016-11-28,0.0,0.0,0.0,0.0,0.0,0.0
2016-11-29,0.0,0.0,0.0,0.0,0.0,0.0
2016-11-30,0.0,0.0,0.0,0.0,0.0,0.0
2016-12-01,0.556814214134218,0.07156597087376079,0.686056359215576,0.2470920085799613,0.027017212499944404,0.0
2016-12-02,0.0,0.0,0.0,0.0,0.0,0.0
2016-12-05,0.0,0.0,0.0,0.0,0.0,0.0
2016-12-06,0.0,0.0,0.0,0.0,0.0,0.0
2016-12-07,0.0,0.0,0.0,0.0,0.0,0.0
2016-12-08,0.0,0.0,0.0,0.0,0.0,0.0
2016-12-09,0.0,0.0,0.0,0.0,0.0,0.0
2016-12-12,0.0,0.0,0.0,0.0,0.0,0.0
2016-12-13,0.0,0.0,0.0,0.0,0.0,0.0
2016-12-14,0.0,0.0,0.0,0.0,0.0,0.0
2016-12-15,0.0,0.0,0.0,0.0,0.0,0.0
2016-12-16,0.0,0.0,0.0,0.0,0.0,0.0
2016-12-19,0.0,0.0,0.0,0.0,0.0,0.0
2016-12-20,0.0,0.0,0.0,0.0,0.0,0.0
2016-12-21,0.0,0.0,0.0,0.0,0.0,0.0
2016-12-22,0.0,0.0,0.0,0.0,0.0,0.0
2016-12-23,0.0,0.0,0.0,0.0,0.0,0.0
2016-12-27,0.0,0.0,0.0,0.0,0.0,0.0
2016-12-28,0.0,0.0,0.0,0.0,0.0,0.0
2016-12-29,0.0,0.0,0.0,0.0,0.0,0.0
2016-12-30,0.0,0.0,0.0,0.0,0.0,0.0
2017-01-03,0.00861613335890192,0.037855325067315676,0.007288073646524645,0.04539706553129019,0.012725949828263527,0.0
2017-01-04,0.0,0.0,0.0,0.0,0.0,0.0
2017-01-05,0.0,0.0,0.0,0.0,0.0,0.0
2017-01-06,0.0,0.0,0.0,0.0,0.0,0.0
2017-01-09,0.0,0.0,0.0,0.0,0.0,0.0
2017-01-10,0.0,0.0,0.0,0.0,0.0,0.0
2017-01-11,0.0,0.0,0.0,0.0,0.0,0.0
2017-01-12,0.0,0.0,0.0,0.0,0.0,0.0
2017-01-13,0.0,0.0,0.0,0.0,0.0,0.0
2017-01-17,0.0,0.0,0.0,0.0,0.0,0.0
2017-01-18,0.0,0.0,0.0,0.0,0.0,0.0
2017-01-19,0.0,0.0,0.0,0.0,0.0,0.0
2017-01-20,0.0,0.0,0.0,0.0,0.0,0.0
2017-01-23,0.0,0.0,0.0,0.0,0.0,0.0
2017-01-24,0.0,0.0,0.0,0.0,0.0,0.0
2017-01-25,0.0,0.0,0.0,0.0,0.0,0.0
2017-01-26,0.0,0.0,0.0,0.0,0.0,0.0
2017-01-27,0.0,0.0,0.0,0.0,0.0,0.0
2017-01-30,0.0,0.0,0.0,0.0,0.0,0.0
2017-01-31,0.0,0.0,0.0,0.0,0.0,0.0
2017-02-01,0.005967001114597581,0.0295507171508987,0.023491094916542,0.03442282052446123,0.016411093395124893,0.0
2017-02-02,0.0,0.0,0.0,0.0,0.0,0.0
2017-02-03,0.0,0.0,0.0,0.0,0.0,0.0
2017-02-06,0.0,0.0,0.0,0.0,0.0,0.0
2017-02-07,0.0,0.0,0.0,0.0,0.0,0.0
2017-02-08,0.0,0.0,0.0,0.0,0.0,0.0
2017-02-09,0.0,0.0,0.0,0.0,0.0,0.0
2017-02-10,0.0,0.0,0.0,0.0,0.0,0.0
2017-02-13,0.0,0.0,0.0,0.0,0.0,0.0
2017-02-14,0.0,0.0,0.0,0.0,0.0,0.0
2017-02-15,0.0,0.0,0.0,0.0,0.0,0.0
2017-02-16,0.0,0.0,0.0,0.0,0.0,0.0
2017-02-17,0.0,0.0,0.0,0.0,0.0,0.0
2017-02-21,0.0,0.0,0.0,0.0,0.0,0.0
2017-02-22,0.0,0.0,0.0,0.0,0.0,0.0
2017-02-23,0.0,0.0,0.0,0.0,0.0,0.0
2017-02-24,0.0,0.0,0.0,0.0,0.0,0.0
2017-02-27,0.0,0.0,0.0,0.0,0.0,0.0
2017-02-28,0.0,0.0,0.0,0.0,0.0,0.0
2017-03-01,0.001317217001395976,0.17696945905829964,0.44423051888564863,0.1768348557081205,0.007343286273164551,0.0
2017-03-02,0.0,0.0,0.0,0.0,0.0,0.0
2017-03-03,0.0,0.0,0.0,0.0,0.0,0.0
2017-03-06,0.0,0.0,0.0,0.0,0.0,0.0
2017-03-07,0.0,0.0,0.0,0.0,0.0,0.0
2017-03-08,0.0,0.0,0.0,0.0,0.0,0.0
2017-03-09,0.0,0.0,0.0,0.0,0.0,0.0
2017-03-10,0.0,0.0,0.0,0.0,0.0,0.0
2017-03-13,0.0,0.0,0.0,0.0,0.0,0.0
2017-03-14,0.0,0.0,0.0,0.0,0.0,0.0
2017-03-15,0.0,0.0,0.0,0.0,0.0,0.0
2017-03-16,0.0,0.0,0.0,0.0,0.0,0.0
2017-03-17,0.0,0.0,0.0,0.0,0.0,0.0
2017-03-20,0.0,0.0,0.0,0.0,0.0,0.0
2017-03-21,0.0,0.0,0.0,0.0,0.0,0.0
2017-03-22,0.0,0.0,0.0,0.0,0.0,0.0
2017-03-23,0.0,0.0,0.0,0.0,0.0,0.0
2017-03-24,0.0,0.0,0.0,0.0,0.0,0.0
2017-03-27,0.0,0.0,0.0,0.0,0.0,0.0
2017-03-28,0.0,0.0,0.0,0.0,0.0,0.0
2017-03-29,0.0,0.0,0.0,0.0,0.0,0.0
2017-03-30,0.0,0.0,0.0,0.0,0.0,0.0
2017-03-31,0.0,0.0,0.0,0.0,0.0,0.0
2017-04-03,0.004069986969403458,0.06574516798604776,0.016662118555205788,0.005278878334154372,0.007944515228399424,0.0
2017-04-04,0.0,0.0,0.0,0.0,0.0,0.0
2017-04-05,0.0,0.0,0.0,0.0,0.0,0.0
2017-04-06,0.0,0.0,0.0,0.0,0.0,0.0
2017-04-07,0.0,0.0,0.0,0.0,0.0,0.0
2017-04-10,0.0,0.0,0.0,0.0,0.0,0.0
2017-04-11,0.0,0.0,0.0,0.0,0.0,0.0
2017-04-12,0.0,0.0,0.0,0.0,0.0,0.0
2017-04-13,0.0,0.0,0.0,0.0,0.0,0.0
2017-04-17,0.0,0.0,0.0,0.0,0.0,0.0
2017-04-18,0.0,0.0,0.0,0.0,0.0,0.0
2017-04-19,0.0,0.0,0.0,0.0,0.0,0.0
2017-04-20,0.0,0.0,0.0,0.0,0.0,0.0
2017-04-21,0.0,0.0,0.0,0.0,0.0,0.0
2017-04-24,0.0,0.0,0.0,0.0,0.0,0.0
2017-04-25,0.0,0.0,0.0,0.0,0.0,0.0
2017-04-26,0.0,0.0,0.0,0.0,0.0,0.0
2017-04-27,0.0,0.0,0.0,0.0,0.0,0.0
2017-04-28,0.0,0.0,0.0,0.0,0.0,0.0
2017-05-01,0.003451699436498812,0.028427809771326,0.013356610429769211,0.055517905526208396,0.005032918138138429,0.0
2017-05-02,0.0,0.0,0.0,0.0,0.0,0.0
2017-05-03,0.0,0.0,0.0,0.0,0.0,0.0
2017-05-04,0.0,0.0,0.0,0.0,0.0,0.0
2017-05-05,0.0,0.0,0.0,0.0,0.0,0.0
2017-05-08,0.0,0.0,0.0,0.0,0.0,0.0
2017-05-09,0.0,0.0,0.0,0.0,0.0,0.0
2017-05-10,0.0,0.0,0.0,0.0,0.0,0.0
2017-05-11,0.0,0.0,0.0,0.0,0.0,0.0
2017-05-12,0.0,0.0,0.0,0.0,0.0,0.0
2017-05-15,0.0,0.0,0.0,0.0,0.0,0.0
2017-05-16,0.0,0.0,0.0,0.0,0.0,0.0
2017-05-17,0.0,0.0,0.0,0.0,0.0,0.0
2017-05-18,0.0,0.0,0.0,0.0,0.0,0.0
2017-05-19,0.0,0.0,0.0,0.0,0.0,0.0
2017-05-22,0.0,0.0,0.0,0.0,0.0,0.0
2017-05-23,0.0,0.0,0.0,0.0,0.0,0.0
2017-05-24,0.0,0.0,0.0,0.0,0.0,0.0
2017-05-25,0.0,0.0,0.0,0.0,0.0,0.0
2017-05-26,0.0,0.0,0.0,0.0,0.0,0.0
2017-05-30,0.0,0.0,0.0,0.0,0.0,0.0
2017-05-31,0.0,0.0,0.0,0.0,0.0,0.0
2017-06-01,0.0049872463405463,0.044337243906289854,0.048570309008688625,0.09554616167654242,0.007898941823357208,0.0
2017-06-02,0.0,0.0,0.0,0.0,0.0,0.0
2017-06-05,0.0,0.0,0.0,0.0,0.0,0.0
2017-06-06,0.0,0.0,0.0,0.0,0.0,0.0
2017-06-07,0.0,0.0,0.0,0.0,0.0,0.0
2017-06-08,0.0,0.0,0.0,0.0,0.0,0.0
2017-06-09,0.0,0.0,0.0,0.0,0.0,0.0
2017-06-12,0.0,0.0,0.0,0.0,0.0,0.0
2017-06-13,0.0,0.0,0.0,0.0,0.0,0.0
2017-06-14,0.0,0.0,0.0,0.0,0.0,0.0
2017-06-15,0.0,0.0,0.0,0.0,0.0,0.0
2017-06-16,0.0,0.0,0.0,0.0,0.0,0.0
2017-06-19,0.0,0.0,0.0,0.0,0.0,0.0
2017-06-20,0.0,0.0,0.0,0.0,0.0,0.0
2017-06-21,0.0,0.0,0.0,0.0,0.0,0.0
2017-06-22,0.0,0.0,0.0,0.0,0.0,0.0
2017-06-23,0.0,0.0,0.0,0.0,0.0,0.0
2017-06-26,0.0,0.0,0.0,0.0,0.0,0.0
2017-06-27,0.0,0.0,0.0,0.0,0.0,0.0
2017-06-28,0.0,0.0,0.0,0.0,0.0,0.0
2017-06-29,0.0,0.0,0.0,0.0,0.0,0.0
2017-06-30,0.0,0.0,0.0,0.0,0.0,0.0
2017-07-03,0.005212188082360458,0.05341418885457247,0.0013992427658814643,0.07189765986565996,0.011175271999198863,0.0
2017-07-05,0.0,0.0,0.0,0.0,0.0,0.0
2017-07-06,0.0,0.0,0.0,0.0,0.0,0.0
2017-07-07,0.0,0.0,0.0,0.0,0.0,0.0
2017-07-10,0.0,0.0,0.0,0.0,0.0,0.0
2017-07-11,0.0,0.0,0.0,0.0,0.0,0.0
2017-07-12,0.0,0.0,0.0,0.0,0.0,0.0
2017-07-13,0.0,0.0,0.0,0.0,0.0,0.0
2017-07-14,0.0,0.0,0.0,0.0,0.0,0.0
2017-07-17,0.0,0.0,0.0,0.0,0.0,0.0
2017-07-18,0.0,0.0,0.0,0.0,0.0,0.0
2017-07-19,0.0,0.0,0.0,0.0,0.0,0.0
2017-07-20,0.0,0.0,0.0,0.0,0.0,0.0
2017-07-21,0.0,0.0,0.0,0.0,0.0,0.0
2017-07-24,0.0,0.0,0.0,0.0,0.0,0.0
2017-07-25,0.0,0.0,0.0,0.0,0.0,0.0
2017-07-26,0.0,0.0,0.0,0.0,0.0,0.0
2017-07-27,0.0,0.0,0.0,0.0,0.0,0.0
2017-07-28,0.0,0.0,0.0,0.0,0.0,0.0
2017-07-31,0.0,0.0,0.0,0.0,0.0,0.0
2017-08-01,0.005393211642214624,0.05020732184094789,0.06002220207245566,0.03851715926116317,0.007795426343940301,0.0
2017-08-02,0.0,0.0,0.0,0.0,0.0,0.0
2017-08-03,0.0,0.0,0.0,0.0,0.0,0.0
2017-08-04,0.0,0.0,0.0,0.0,0.0,0.0
2017-08-07,0.0,0.0,0.0,0.0,0.0,0.0
2017-08-08,0.0,0.0,0.0,0.0,0.0,0.0
2017-08-09,0.0,0.0,0.0,0.0,0.0,0.0
2017-08-10,0.0,0.0,0.0,0.0,0.0,0.0
2017-08-11,0.0,0.0,0.0,0.0,0.0,0.0
2017-08-14,0.0,0.0,0.0,0.0,0.0,0.0
2017-08-15,0.0,0.0,0.0,0.0,0.0,0.0
2017-08-16,0.0,0.0,0.0,0.0,0.0,0.0
2017-08-17,0.0,0.0,0.0,0.0,0.0,0.0
2017-08-18,0.0,0.0,0.0,0.0,0.0,0.0
2017-08-21,0.0,0.0,0.0,0.0,0.0,0.0
2017-08-22,0.0,0.0,0.0,0.0,0.0,0.0
2017-08-23,0.0,0.0,0.0,0.0,0.0,0.0
2017-08-24,0.0,0.0,0.0,0.0,0.0,0.0
2017-08-25,0.0,0.0,0.0,0.0,0.0,0.0
2017-08-28,0.0,0.0,0.0,0.0,0.0,0.0
2017-08-29,0.0,0.0,0.0,0.0,0.0,0.0
2017-08-30,0.0,0.0,0.0,0.0,0.0,0.0
2017-08-31,0.0,0.0,0.0,0.0,0.0,0.0
2017-09-01,0.5500630701541402,0.058099768667130694,0.688652047907216,0.40194205677416134,0.015488648331899002,0.0
2017-09-05,0.0,0.0,0.0,0.0,0.0,0.0
2017-09-06,0.0,0.0,0.0,0.0,0.0,0.0
2017-09-07,0.0,0.0,0.0,0.0,0.0,0.0
2017-09-08,0.0,0.0,0.0,0.0,0.0,0.0
2017-09-11,0.0,0.0,0.0,0.0,0.0,0.0
2017-09-12,0.0,0.0,0.0,0.0,0.0,0.0
2017-09-13,0.0,0.0,0.0,0.0,0.0,0.0
2017-09-14,0.0,0.0,0.0,0.0,0.0,0.0
2017-09-15,0.0,0.0,0.0,0.0,0.0,0.0
2017-09-18,0.0,0.0,0.0,0.0,0.0,0.0
2017-09-19,0.0,0.0,0.0,0.0,0.0,0.0
2017-09-20,0.0,0.0,0.0,0.0,0.0,0.0
2017-09-21,0.0,0.0,0.0,0.0,0.0,0.0
2017-09-22,0.0,0.0,0.0,0.0,0.0,0.0
2017-09-25,0.0,0.0,0.0,0.0,0.0,0.0
2017-09-26,0.0,0.0,0.0,0.0,0.0,0.0
2017-09-27,0.0,0.0,0.0,0.0,0.0,0.0
2017-09-28,0.0,0.0,0.0,0.0,0.0,0.0
2017-09-29,0.0,0.0,0.0,0.0,0.0,0.0
2017-10-02,0.0009477506475998043,0.037080216332340994,0.025800252092161774,0.05556964355549675,0.012164473803552553,0.0
2017-10-03,0.0,0.0,0.0,0.0,0.0,0.0
2017-10-04,0.0,0.0,0.0,0.0,0.0,0.0
2017-10-05,0.0,0.0,0.0,0.0,0.0,0.0
2017-10-06,0.0,0.0,0.0,0.0,0.0,0.0
2017-10-09,0.0,0.0,0.0,0.0,0.0,0.0
2017-10-10,0.0,0.0,0.0,0.0,0.0,0.0
2017-10-11,0.0,0.0,0.0,0.0,0.0,0.0
2017-10-12,0.0,0.0,0.0,0.0,0.0,0.0
2017-10-13,0.0,0.0,0.0,0.0,0.0,0.0
2017-10-16,0.0,0.0,0.0,0.0,0.0,0.0
2017-10-17,0.0,0.0,0.0,0.0,0.0,0.0
2017-10-18,0.0,0.0,0.0,0.0,0.0,0.0
2017-10-19,0.0,0.0,0.0,0.0,0.0,0.0
2017-10-20,0.0,0.0,0.0,0.0,0.0,0.0
2017-10-23,0.0,0.0,0.0,0.0,0.0,0.0
2017-10-24,0.0,0.0,0.0,0.0,0.0,0.0
2017-10-25,0.0,0.0,0.0,0.0,0.0,0.0
2017-10-26,0.0,0.0,0.0,0.0,0.0,0.0
2017-10-27,0.0,0.0,0.0,0.0,0.0,0.0
2017-10-30,0.0,0.0,0.0,0.0,0.0,0.0
2017-10-31,0.0,0.0,0.0,0.0,0.0,0.0
2017-11-01,0.007672347530810947,0.030698049073626665,0.012330069974746644,0.013016429990870604,0.008912103396610499,0.0
2017-11-02,0.0,0.0,0.0,0.0,0.0,0.0
2017-11-03,0.0,0.0,0.0,0.0,0.0,0.0
2017-11-06,0.0,0.0,0.0,0.0,0.0,0.0
2017-11-07,0.0,0.0,0.0,0.0,0.0,0.0
2017-11-08,0.0,0.0,0.0,0.0,0.0,0.0
2017-11-09,0.0,0.0,0.0,0.0,0.0,0.0
2017-11-10,0.0,0.0,0.0,0.0,0.0,0.0
2017-11-13,0.0,0.0,0.0,0.0,0.0,0.0
2017-11-14,0.0,0.0,0.0,0.0,0.0,0.0
2017-11-15,0.0,0.0,0.0,0.0,0.0,0.0
2017-11-16,0.0,0.0,0.0,0.0,0.0,0.0
2017-11-17,0.0,0.0,0.0,0.0,0.0,0.0
2017-11-20,0.0,0.0,0.0,0.0,0.0,0.0
2017-11-21,0.0,0.0,0.0,0.0,0.0,0.0
2017-11-22,0.0,0.0,0.0,0.0,0.0,0.0
2017-11-24,0.0,0.0,0.0,0.0,0.0,0.0
2017-11-27,0.0,0.0,0.0,0.0,0.0,0.0
2017-11-28,0.0,0.0,0.0,0.0,0.0,0.0
2017-11-29,0.0,0.0,0.0,0.0,0.0,0.0
2017-11-30,0.0,0.0,0.0,0.0,0.0,0.0
2017-12-01,0.5499324480772362,0.043685725643856886,1.0000036218030361,0.6197057508887642,0.007963621909629376,0.0
2017-12-04,0.0,0.0,0.0,0.0,0.0,0.0
2017-12-05,0.0,0.0,0.0,0.0,0.0,0.0
2017-12-06,0.0,0.0,0.0,0.0,0.0,0.0
2017-12-07,0.0,0.0,0.0,0.0,0.0,0.0
2017-12-08,0.0,0.0,0.0,0.0,0.0,0.0
2017-12-11,0.0,0.0,0.0,0.0,0.0,0.0
2017-12-12,0.0,0.0,0.0,0.0,0.0,0.0
2017-12-13,0.0,0.0,0.0,0.0,0.0,0.0
2017-12-14,0.0,0.0,0.0,0.0,0.0,0.0
2017-12-15,0.0,0.0,0.0,0.0,0.0,0.0
2017-12-18,0.0,0.0,0.0,0.0,0.0,0.0
2017-12-19,0.0,0.0,0.0,0.0,0.0,0.0
2017-12-20,0.0,0.0,0.0,0.0,0.0,0.0
2017-12-21,0.0,0.0,0.0,0.0,0.0,0.0
2017-12-22,0.0,0.0,0.0,0.0,0.0,0.0
2017-12-26,0.0,0.0,0.0,0.0,0.0,0.0
2017-12-27,0.0,0.0,0.0,0.0,0.0,0.0
2017-12-28,0.0,0.0,0.0,0.0,0.0,0.0
2017-12-29,0.0,0.0,0.0,0.0,0.0,0.0
2018-01-02,0.004589886988180539,0.029864286811827248,0.3463209344020444,0.2870584467554623,0.007064576162226888,0.0
2018-01-03,0.0,0.0,0.0,0.0,0.0,0.0
2018-01-04,0.0,0.0,0.0,0.0,0.0,0.0
2018-01-05,0.0,0.0,0.0,0.0,0.0,0.0
2018-01-08,0.0,0.0,0.0,0.0,0.0,0.0
2018-01-09,0.0,0.0,0.0,0.0,0.0,0.0
2018-01-10,0.0,0.0,0.0,0.0,0.0,0.0
2018-01-11,0.0,0.0,0.0,0.0,0.0,0.0
2018-01-12,0.0,0.0,0.0,0.0,0.0,0.0
2018-01-16,0.0,0.0,0.0,0.0,0.0,0.0
2018-01-17,0.0,0.0,0.0,0.0,0.0,0.0
2018-01-18,0.0,0.0,0.0,0.0,0.0,0.0
2018-01-19,0.0,0.0,0.0,0.0,0.0,0.0
2018-01-22,0.0,0.0,0.0,0.0,0.0,0.0
2018-01-23,0.0,0.0,0.0,0.0,0.0,0.0
2018-01-24,0.0,0.0,0.0,0.0,0.0,0.0
2018-01-25,0.0,0.0,0.0,0.0,0.0,0.0
2018-01-26,0.0,0.0,0.0,0.0,0.0,0.0
2018-01-29,0.0,0.0,0.0,0.0,0.0,0.0
2018-01-30,0.0,0.0,0.0,0.0,0.0,0.0
2018-01-31,0.0,0.0,0.0,0.0,0.0,0.0
2018-02-01,0.0025520487686808146,0.05662929845367523,0.058396972475108416,0.08109506981805419,0.011214922191199836,0.0
2018-02-02,0.0,0.0,0.0,0.0,0.0,0.0
2018-02-05,0.0,0.0,0.0,0.0,0.0,0.0
2018-02-06,0.0,0.0,0.0,0.0,0.0,0.0
2018-02-07,0.0,0.0,0.0,0.0,0.0,0.0
2018-02-08,0.0,0.0,0.0,0.0,0.0,0.0
2018-02-09,0.0,0.0,0.0,0.0,0.0,0.0
2018-02-12,0.0,0.0,0.0,0.0,0.0,0.0
2018-02-13,0.0,0.0,0.0,0.0,0.0,0.0
2018-02-14,0.0,0.0,0.0,0.0,0.0,0.0
2018-02-15,0.0,0.0,0.0,0.0,0.0,0.0
2018-02-16,0.0,0.0,0.0,0.0,0.0,0.0
2018-02-20,0.0,0.0,0.0,0.0,0.0,0.0
2018-02-21,0.0,0.0,0.0,0.0,0.0,0.0
2018-02-22,0.0,0.0,0.0,0.0,0.0,0.0
2018-02-23,0.0,0.0,0.0,0.0,0.0,0.0
2018-02-26,0.0,0.0,0.0,0.0,0.0,0.0
2018-02-27,0.0,0.0,0.0,0.0,0.0,0.0
2018-02-28,0.0,0.0,0.0,0.0,0.0,0.0
2018-03-01,0.003483554910614306,0.11257762905657813,0.3699215536252662,0.16236429727577045,0.007550349295549805,0.0
2018-03-02,0.0,0.0,0.0,0.0,0.0,0.0
2018-03-05,0.0,0.0,0.0,0.0,0.0,0.0
2018-03-06,0.0,0.0,0.0,0.0,0.0,0.0
2018-03-07,0.0,0.0,0.0,0.0,0.0,0.0
2018-03-08,0.0,0.0,0.0,0.0,0.0,0.0
2018-03-09,0.0,0.0,0.0,0.0,0.0,0.0
2018-03-12,0.0,0.0,0.0,0.0,0.0,0.0
2018-03-13,0.0,0.0,0.0,0.0,0.0,0.0
2018-03-14,0.0,0.0,0.0,0.0,0.0,0.0
2018-03-15,0.0,0.0,0.0,0.0,0.0,0.0
2018-03-16,0.0,0.0,0.0,0.0,0.0,0.0
2018-03-19,0.0,0.0,0.0,0.0,0.0,0.0
2018-03-20,0.0,0.0,0.0,0.0,0.0,0.0
2018-03-21,0.0,0.0,0.0,0.0,0.0,0.0
2018-03-22,0.0,0.0,0.0,0.0,0.0,0.0
2018-03-23,0.0,0.0,0.0,0.0,0.0,0.0
2018-03-26,0.0,0.0,0.0,0.0,0.0,0.0
2018-03-27,0.0,0.0,0.0,0.0,0.0,0.0
2018-03-28,0.0,0.0,0.0,0.0,0.0,0.0
2018-03-29,0.0,0.0,0.0,0.0,0.0,0.0
2018-04-02,0.003990634314861435,0.043802087055379614,0.052494447353188284,0.05147520458043501,0.013772716251961761,0.0
2018-04-03,0.0,0.0,0.0,0.0,0.0,0.0
2018-04-04,0.0,0.0,0.0,0.0,0.0,0.0
2018-04-05,0.0,0.0,0.0,0.0,0.0,0.0
2018-04-06,0.0,0.0,0.0,0.0,0.0,0.0
2018-04-09,0.0,0.0,0.0,0.0,0.0,0.0
2018-04-10,0.0,0.0,0.0,0.0,0.0,0.0
2018-04-11,0.0,0.0,0.0,0.0,0.0,0.0
2018-04-12,0.0,0.0,0.0,0.0,0.0,0.0
2018-04-13,0.0,0.0,0.0,0.0,0.0,0.0
2018-04-16,0.0,0.0,0.0,0.0,0.0,0.0
2018-04-17,0.0,0.0,0.0,0.0,0.0,0.0
2018-04-18,0.0,0.0,0.0,0.0,0.0,0.0
2018-04-19,0.0,0.0,0.0,0.0,0.0,0.0
2018-04-20,0.0,0.0,0.0,0.0,0.0,0.0
2018-04-23,0.0,0.0,0.0,0.0,0.0,0.0
2018-04-24,0.0,0.0,0.0,0.0,0.0,0.0
2018-04-25,0.0,0.0,0.0,0.0,0.0,0.0
2018-04-26,0.0,0.0,0.0,0.0,0.0,0.0
2018-04-27,0.0,0.0,0.0,0.0,0.0,0.0
2018-04-30,0.0,0.0,0.0,0.0,0.0,0.0
2018-05-01,0.003417412633661826,0.05660712766659287,0.05055263990615039,0.06927804655452574,0.01106127491244488,0.0
2018-05-02,0.0,0.0,0.0,0.0,0.0,0.0
2018-05-03,0.0,0.0,0.0,0.0,0.0,0.0
2018-05-04,0.0,0.0,0.0,0.0,0.0,0.0
2018-05-07,0.0,0.0,0.0,0.0,0.0,0.0
2018-05-08,0.0,0.0,0.0,0.0,0.0,0.0
2018-05-09,0.0,0.0,0.0,0.0,0.0,0.0
2018-05-10,0.0,0.0,0.0,0.0,0.0,0.0
2018-05-11,0.0,0.0,0.0,0.0,0.0,0.0
2018-05-14,0.0,0.0,0.0,0.0,0.0,0.0
2018-05-15,0.0,0.0,0.0,0.0,0.0,0.0
2018-05-16,0.0,0.0,0.0,0.0,0.0,0.0
2018-05-17,0.0,0.0,0.0,0.0,0.0,0.0
2018-05-18,0.0,0.0,0.0,0.0,0.0,0.0
2018-05-21,0.0,0.0,0.0,0.0,0.0,0.0
2018-05-22,0.0,0.0,0.0,0.0,0.0,0.0
2018-05-23,0.0,0.0,0.0,0.0,0.0,0.0
2018-05-24,0.0,0.0,0.0,0.0,0.0,0.0
2018-05-25,0.0,0.0,0.0,0.0,0.0,0.0
2018-05-29,0.0,0.0,0.0,0.0,0.0,0.0
2018-05-30,0.0,0.0,0.0,0.0,0.0,0.0
2018-05-31,0.0,0.0,0.0,0.0,0.0,0.0
2018-06-01,0.0033358901179996042,0.031748423625034536,0.019382875931393012,0.005607971374813815,0.008667353788487764,0.0
2018-06-04,0.0,0.0,0.0,0.0,0.0,0.0
2018-06-05,0.0,0.0,0.0,0.0,0.0,0.0
2018-06-06,0.0,0.0,0.0,0.0,0.0,0.0
2018-06-07,0.0,0.0,0.0,0.0,0.0,0.0
2018-06-08,0.0,0.0,0.0,0.0,0.0,0.0
2018-06-11,0.0,0.0,0.0,0.0,0.0,0.0
2018-06-12,0.0,0.0,0.0,0.0,0.0,0.0
2018-06-13,0.0,0.0,0.0,0.0,0.0,0.0
2018-06-14,0.0,0.0,0.0,0.0,0.0,0.0
2018-06-15,0.0,0.0,0.0,0.0,0.0,0.0
2018-06-18,0.0,0.0,0.0,0.0,0.0,0.0
2018-06-19,0.0,0.0,0.0,0.0,0.0,0.0
2018-06-20,0.0,0.0,0.0,0.0,0.0,0.0
2018-06-21,0.0,0.0,0.0,0.0,0.0,0.0
2018-06-22,0.0,0.0,0.0,0.0,0.0,0.0
2018-06-25,0.0,0.0,0.0,0.0,0.0,0.0
2018-06-26,0.0,0.0,0.0,0.0,0.0,0.0
2018-06-27,0.0,0.0,0.0,0.0,0.0,0.0
2018-06-28,0.0,0.0,0.0,0.0,0.0,0.0
2018-06-29,0.0,0.0,0.0,0.0,0.0,0.0
2018-07-02,0.5499417368917097,0.060225354936763384,1.0000060541045173,0.2214165184658093,0.012793362721678136,0.0
2018-07-03,0.0,0.0,0.0,0.0,0.0,0.0
2018-07-05,0.0,0.0,0.0,0.0,0.0,0.0
2018-07-06,0.0,0.0,0.0,0.0,0.0,0.0
2018-07-09,0.0,0.0,0.0,0.0,0.0,0.0
2018-07-10,0.0,0.0,0.0,0.0,0.0,0.0
2018-07-11,0.0,0.0,0.0,0.0,0.0,0.0
2018-07-12,0.0,0.0,0.0,0.0,0.0,0.0
2018-07-13,0.0,0.0,0.0,0.0,0.0,0.0
2018-07-16,0.0,0.0,0.0,0.0,0.0,0.0
2018-07-17,0.0,0.0,0.0,0.0,0.0,0.0
2018-07-18,0.0,0.0,0.0,0.0,0.0,0.0
2018-07-19,0.0,0.0,0.0,0.0,0.0,0.0
2018-07-20,0.0,0.0,0.0,0.0,0.0,0.0
2018-07-23,0.0,0.0,0.0,0.0,0.0,0.0
2018-07-24,0.0,0.0,0.0,0.0,0.0,0.0
2018-07-25,0.0,0.0,0.0,0.0,0.0,0.0
2018-07-26,0.0,0.0,0.0,0.0,0.0,0.0
2018-07-27,0.0,0.0,0.0,0.0,0.0,0.0
2018-07-30,0.0,0.0,0.0,0.0,0.0,0.0
2018-07-31,0.0,0.0,0.0,0.0,0.0,0.0
2018-08-01,0.0033274969536032373,0.046307594168286524,0.03760099288713273,0.09969335379041952,0.015821223977068644,0.0
2018-08-02,0.0,0.0,0.0,0.0,0.0,0.0
2018-08-03,0.0,0.0,0.0,0.0,0.0,0.0
2018-08-06,0.0,0.0,0.0,0.0,0.0,0.0
2018-08-07,0.0,0.0,0.0,0.0,0.0,0.0
2018-08-08,0.0,0.0,0.0,0.0,0.0,0.0
2018-08-09,0.0,0.0,0.0,0.0,0.0,0.0
2018-08-10,0.0,0.0,0.0,0.0,0.0,0.0
2018-08-13,0.0,0.0,0.0,0.0,0.0,0.0
2018-08-14,0.0,0.0,0.0,0.0,0.0,0.0
2018-08-15,0.0,0.0,0.0,0.0,0.0,0.0
2018-08-16,0.0,0.0,0.0,0.0,0.0,0.0
2018-08-17,0.0,0.0,0.0,0.0,0.0,0.0
2018-08-20,0.0,0.0,0.0,0.0,0.0,0.0
2018-08-21,0.0,0.0,0.0,0.0,0.0,0.0
2018-08-22,0.0,0.0,0.0,0.0,0.0,0.0
2018-08-23,0.0,0.0,0.0,0.0,0.0,0.0
2018-08-24,0.0,0.0,0.0,0.0,0.0,0.0
2018-08-27,0.0,0.0,0.0,0.0,0.0,0.0
2018-08-28,0.0,0.0,0.0,0.0,0.0,0.0
2018-08-29,0.0,0.0,0.0,0.0,0.0,0.0
2018-08-30,0.0,0.0,0.0,0.0,0.0,0.0
2018-08-31,0.0,0.0,0.0,0.0,0.0,0.0
2018-09-04,0.0022367043196933056,0.06946302076836827,0.0761995324524834,0.06310391008913976,0.011783790650057205,0.0
2018-09-05,0.0,0.0,0.0,0.0,0.0,0.0
2018-09-06,0.0,0.0,0.0,0.0,0.0,0.0
2018-09-07,0.0,0.0,0.0,0.0,0.0,0.0
2018-09-10,0.0,0.0,0.0,0.0,0.0,0.0
2018-09-11,0.0,0.0,0.0,0.0,0.0,0.0
2018-09-12,0.0,0.0,0.0,0.0,0.0,0.0
2018-09-13,0.0,0.0,0.0,0.0,0.0,0.0
2018-09-14,0.0,0.0,0.0,0.0,0.0,0.0
2018-09-17,0.0,0.0,0.0,0.0,0.0,0.0
2018-09-18,0.0,0.0,0.0,0.0,0.0,0.0
2018-09-19,0.0,0.0,0.0,0.0,0.0,0.0
2018-09-20,0.0,0.0,0.0,0.0,0.0,0.0
2018-09-21,0.0,0.0,0.0,0.0,0.0,0.0
2018-09-24,0.0,0.0,0.0,0.0,0.0,0.0
2018-09-25,0.0,0.0,0.0,0.0,0.0,0.0
2018-09-26,0.0,0.0,0.0,0.0,0.0,0.0
2018-09-27,0.0,0.0,0.0,0.0,0.0,0.0
2018-09-28,0.0,0.0,0.0,0.0,0.0,0.0
2018-10-01,0.5530664285287967,0.02080367244323795,1.0000230352501855,0.5504783336765817,0.009651231755850531,0.0
2018-10-02,0.0,0.0,0.0,0.0,0.0,0.0
2018-10-03,0.0,0.0,0.0,0.0,0.0,0.0
2018-10-04,0.0,0.0,0.0,0.0,0.0,0.0
2018-10-05,0.0,0.0,0.0,0.0,0.0,0.0
2018-10-08,0.0,0.0,0.0,0.0,0.0,0.0
2018-10-09,0.0,0.0,0.0,0.0,0.0,0.0
2018-10-10,0.0,0.0,0.0,0.0,0.0,0.0
2018-10-11,0.0,0.0,0.0,0.0,0.0,0.0
2018-10-12,0.0,0.0,0.0,0.0,0.0,0.0
2018-10-15,0.0,0.0,0.0,0.0,0.0,0.0
2018-10-16,0.0,0.0,0.0,0.0,0.0,0.0
2018-10-17,0.0,0.0,0.0,0.0,0.0,0.0
2018-10-18,0.0,0.0,0.0,0.0,0.0,0.0
2018-10-19,0.0,0.0,0.0,0.0,0.0,0.0
2018-10-22,0.0,0.0,0.0,0.0,0.0,0.0
2018-10-23,0.0,0.0,0.0,0.0,0.0,0.0
2018-10-24,0.0,0.0,0.0,0.0,0.0,0.0
2018-10-25,0.0,0.0,0.0,0.0,0.0,0.0
2018-10-26,0.0,0.0,0.0,0.0,0.0,0.0
2018-10-29,0.0,0.0,0.0,0.0,0.0,0.0
2018-10-30,0.0,0.0,0.0,0.0,0.0,0.0
2018-10-31,0.0,0.0,0.0,0.0,0.0,0.0
2018-11-01,0.0021998424443856746,0.09914480018710559,0.1269054355640183,0.2745558536190954,0.014640579479763993,0.0
2018-11-02,0.0,0.0,0.0,0.0,0.0,0.0
2018-11-05,0.0,0.0,0.0,0.0,0.0,0.0
2018-11-06,0.0,0.0,0.0,0.0,0.0,0.0
2018-11-07,0.0,0.0,0.0,0.0,0.0,0.0
2018-11-08,0.0,0.0,0.0,0.0,0.0,0.0
2018-11-09,0.0,0.0,0.0,0.0,0.0,0.0
2018-11-12,0.0,0.0,0.0,0.0,0.0,0.0
2018-11-13,0.0,0.0,0.0,0.0,0.0,0.0
2018-11-14,0.0,0.0,0.0,0.0,0.0,0.0
2018-11-15,0.0,0.0,0.0,0.0,0.0,0.0
2018-11-16,0.0,0.0,0.0,0.0,0.0,0.0
2018-11-19,0.0,0.0,0.0,0.0,0.0,0.0
2018-11-20,0.0,0.0,0.0,0.0,0.0,0.0
2018-11-21,0.0,0.0,0.0,0.0,0.0,0.0
2018-11-23,0.0,0.0,0.0,0.0,0.0,0.0
2018-11-26,0.0,0.0,0.0,0.0,0.0,0.0
2018-11-27,0.0,0.0,0.0,0.0,0.0,0.0
2018-11-28,0.0,0.0,0.0,0.0,0.0,0.0
2018-11-29,0.0,0.0,0.0,0.0,0.0,0.0
2018-11-30,0.0,0.0,0.0,0.0,0.0,0.0
2018-12-03,0.5470806429332823,0.05264861176662584,1.0000378022531655,0.2630484418286918,0.005150388658101371,0.0
2018-12-04,0.0,0.0,0.0,0.0,0.0,0.0
2018-12-06,0.0,0.0,0.0,0.0,0.0,0.0
2018-12-07,0.0,0.0,0.0,0.0,0.0,0.0
2018-12-10,0.0,0.0,0.0,0.0,0.0,0.0
2018-12-11,0.0,0.0,0.0,0.0,0.0,0.0
2018-12-12,0.0,0.0,0.0,0.0,0.0,0.0
2018-12-13,0.0,0.0,0.0,0.0,0.0,0.0
2018-12-14,0.0,0.0,0.0,0.0,0.0,0.0
2018-12-17,0.0,0.0,0.0,0.0,0.0,0.0
2018-12-18,0.0,0.0,0.0,0.0,0.0,0.0
2018-12-19,0.0,0.0,0.0,0.0,0.0,0.0
2018-12-20,0.0,0.0,0.0,0.0,0.0,0.0
2018-12-21,0.0,0.0,0.0,0.0,0.0,0.0
2018-12-24,0.0,0.0,0.0,0.0,0.0,0.0
2018-12-26,0.0,0.0,0.0,0.0,0.0,0.0
2018-12-27,0.0,0.0,0.0,0.0,0.0,0.0
2018-12-28,0.0,0.0,0.0,0.0,0.0,0.0
2018-12-31,0.0,0.0,0.0,0.0,0.0,0.0
2019-01-02,0.003344554194378402,0.03205239950832125,0.02346822200408158,0.009460931684744302,0.031873394769389246,0.0
2019-01-03,0.0,0.0,0.0,0.0,0.0,0.0
2019-01-04,0.0,0.0,0.0,0.0,0.0,0.0
2019-01-07,0.0,0.0,0.0,0.0,0.0,0.0
2019-01-08,0.0,0.0,0.0,0.0,0.0,0.0
2019-01-09,0.0,0.0,0.0,0.0,0.0,0.0
2019-01-10,0.0,0.0,0.0,0.0,0.0,0.0
2019-01-11,0.0,0.0,0.0,0.0,0.0,0.0
2019-01-14,0.0,0.0,0.0,0.0,0.0,0.0
2019-01-15,0.0,0.0,0.0,0.0,0.0,0.0
2019-01-16,0.0,0.0,0.0,0.0,0.0,0.0
2019-01-17,0.0,0.0,0.0,0.0,0.0,0.0
2019-01-18,0.0,0.0,0.0,0.0,0.0,0.0
2019-01-22,0.0,0.0,0.0,0.0,0.0,0.0
2019-01-23,0.0,0.0,0.0,0.0,0.0,0.0
2019-01-24,0.0,0.0,0.0,0.0,0.0,0.0
2019-01-25,0.0,0.0,0.0,0.0,0.0,0.0
2019-01-28,0.0,0.0,0.0,0.0,0.0,0.0
2019-01-29,0.0,0.0,0.0,0.0,0.0,0.0
2019-01-30,0.0,0.0,0.0,0.0,0.0,0.0
2019-01-31,0.0,0.0,0.0,0.0,0.0,0.0
2019-02-01,0.00998151618083909,0.04293127895274429,0.017788359966323955,0.08516329706134129,0.01584105115510391,0.0
2019-02-04,0.0,0.0,0.0,0.0,0.0,0.0
2019-02-05,0.0,0.0,0.0,0.0,0.0,0.0
2019-02-06,0.0,0.0,0.0,0.0,0.0,0.0
2019-02-07,0.0,0.0,0.0,0.0,0.0,0.0
2019-02-08,0.0,0.0,0.0,0.0,0.0,0.0
2019-02-11,0.0,0.0,0.0,0.0,0.0,0.0
2019-02-12,0.0,0.0,0.0,0.0,0.0,0.0
2019-02-13,0.0,0.0,0.0,0.0,0.0,0.0
2019-02-14,0.0,0.0,0.0,0.0,0.0,0.0
2019-02-15,0.0,0.0,0.0,0.0,0.0,0.0
2019-02-19,0.0,0.0,0.0,0.0,0.0,0.0
2019-02-20,0.0,0.0,0.0,0.0,0.0,0.0
2019-02-21,0.0,0.0,0.0,0.0,0.0,0.0
2019-02-22,0.0,0.0,0.0,0.0,0.0,0.0
2019-02-25,0.0,0.0,0.0,0.0,0.0,0.0
2019-02-26,0.0,0.0,0.0,0.0,0.0,0.0
2019-02-27,0.0,0.0,0.0,0.0,0.0,0.0
2019-02-28,0.0,0.0,0.0,0.0,0.0,0.0
2019-03-01,0.004228439444476539,0.04377392986595567,0.013205979797219727,0.2179704329644105,0.011186881624487277,0.0
2019-03-04,0.0,0.0,0.0,0.0,0.0,0.0
2019-03-05,0.0,0.0,0.0,0.0,0.0,0.0
2019-03-06,0.0,0.0,0.0,0.0,0.0,0.0
2019-03-07,0.0,0.0,0.0,0.0,0.0,0.0
2019-03-08,0.0,0.0,0.0,0.0,0.0,0.0
2019-03-11,0.0,0.0,0.0,0.0,0.0,0.0
2019-03-12,0.0,0.0,0.0,0.0,0.0,0.0
2019-03-13,0.0,0.0,0.0,0.0,0.0,0.0
2019-03-14,0.0,0.0,0.0,0.0,0.0,0.0
2019-03-15,0.0,0.0,0.0,0.0,0.0,0.0
2019-03-18,0.0,0.0,0.0,0.0,0.0,0.0
2019-03-19,0.0,0.0,0.0,0.0,0.0,0.0
2019-03-20,0.0,0.0,0.0,0.0,0.0,0.0
2019-03-21,0.0,0.0,0.0,0.0,0.0,0.0
2019-03-22,0.0,0.0,0.0,0.0,0.0,0.0
2019-03-25,0.0,0.0,0.0,0.0,0.0,0.0
2019-03-26,0.0,0.0,0.0,0.0,0.0,0.0
2019-03-27,0.0,0.0,0.0,0.0,0.0,0.0
2019-03-28,0.0,0.0,0.0,0.0,0.0,0.0
2019-03-29,0.0,0.0,0.0,0.0,0.0,0.0
2019-04-01,0.005186126227976096,0.0796071281917364,0.08536203596491128,0.054839803290973745,0.008909334510568911,0.0
2019-04-02,0.0,0.0,0.0,0.0,0.0,0.0
2019-04-03,0.0,0.0,0.0,0.0,0.0,0.0
2019-04-04,0.0,0.0,0.0,0.0,0.0,0.0
2019-04-05,0.0,0.0,0.0,0.0,0.0,0.0
2019-04-08,0.0,0.0,0.0,0.0,0.0,0.0
2019-04-09,0.0,0.0,0.0,0.0,0.0,0.0
2019-04-10,0.0,0.0,0.0,0.0,0.0,0.0
2019-04-11,0.0,0.0,0.0,0.0,0.0,0.0
2019-04-12,0.0,0.0,0.0,0.0,0.0,0.0
2019-04-15,0.0,0.0,0.0,0.0,0.0,0.0
2019-04-16,0.0,0.0,0.0,0.0,0.0,0.0
2019-04-17,0.0,0.0,0.0,0.0,0.0,0.0
2019-04-18,0.0,0.0,0.0,0.0,0.0,0.0
2019-04-22,0.0,0.0,0.0,0.0,0.0,0.0
2019-04-23,0.0,0.0,0.0,0.0,0.0,0.0
2019-04-24,0.0,0.0,0.0,0.0,0.0,0.0
2019-04-25,0.0,0.0,0.0,0.0,0.0,0.0
2019-04-26,0.0,0.0,0.0,0.0,0.0,0.0
2019-04-29,0.0,0.0,0.0,0.0,0.0,0.0
2019-04-30,0.0,0.0,0.0,0.0,0.0,0.0
2019-05-01,0.7020345977603847,0.07689798849810264,0.6631400486913184,0.3283526385653985,0.008926099725737255,0.0
2019-05-02,0.0,0.0,0.0,0.0,0.0,0.0
2019-05-03,0.0,0.0,0.0,0.0,0.0,0.0
2019-05-06,0.0,0.0,0.0,0.0,0.0,0.0
2019-05-07,0.0,0.0,0.0,0.0,0.0,0.0
2019-05-08,0.0,0.0,0.0,0.0,0.0,0.0
2019-05-09,0.0,0.0,0.0,0.0,0.0,0.0
2019-05-10,0.0,0.0,0.0,0.0,0.0,0.0
2019-05-13,0.0,0.0,0.0,0.0,0.0,0.0
2019-05-14,0.0,0.0,0.0,0.0,0.0,0.0
2019-05-15,0.0,0.0,0.0,0.0,0.0,0.0
2019-05-16,0.0,0.0,0.0,0.0,0.0,0.0
2019-05-17,0.0,0.0,0.0,0.0,0.0,0.0
2019-05-20,0.0,0.0,0.0,0.0,0.0,0.0
2019-05-21,0.0,0.0,0.0,0.0,0.0,0.0
2019-05-22,0.0,0.0,0.0,0.0,0.0,0.0
2019-05-23,0.0,0.0,0.0,0.0,0.0,0.0
2019-05-24,0.0,0.0,0.0,0.0,0.0,0.0
2019-05-28,0.0,0.0,0.0,0.0,0.0,0.0
2019-05-29,0.0,0.0,0.0,0.0,0.0,0.0
2019-05-30,0.0,0.0,0.0,0.0,0.0,0.0
2019-05-31,0.0,0.0,0.0,0.0,0.0,0.0
2019-06-03,0.7002342459875451,0.0577257669123786,0.6282342756480241,0.31106474595581146,0.030713858934367136,0.0
2019-06-04,0.0,0.0,0.0,0.0,0.0,0.0
2019-06-05,0.0,0.0,0.0,0.0,0.0,0.0
2019-06-06,0.0,0.0,0.0,0.0,0.0,0.0
2019-06-07,0.0,0.0,0.0,0.0,0.0,0.0
2019-06-10,0.0,0.0,0.0,0.0,0.0,0.0
2019-06-11,0.0,0.0,0.0,0.0,0.0,0.0
2019-06-12,0.0,0.0,0.0,0.0,0.0,0.0
2019-06-13,0.0,0.0,0.0,0.0,0.0,0.0
2019-06-14,0.0,0.0,0.0,0.0,0.0,0.0
2019-06-17,0.0,0.0,0.0,0.0,0.0,0.0
2019-06-18,0.0,0.0,0.0,0.0,0.0,0.0
2019-06-19,0.0,0.0,0.0,0.0,0.0,0.0
2019-06-20,0.0,0.0,0.0,0.0,0.0,0.0
2019-06-21,0.0,0.0,0.0,0.0,0.0,0.0
2019-06-24,0.0,0.0,0.0,0.0,0.0,0.0
2019-06-25,0.0,0.0,0.0,0.0,0.0,0.0
2019-06-26,0.0,0.0,0.0,0.0,0.0,0.0
2019-06-27,0.0,0.0,0.0,0.0,0.0,0.0
2019-06-28,0.0,0.0,0.0,0.0,0.0,0.0
2019-07-01,0.005861131273035058,0.03624919625230177,0.0419492250017669,0.042414964829646004,0.01807564990250618,0.0
2019-07-02,0.0,0.0,0.0,0.0,0.0,0.0
2019-07-03,0.0,0.0,0.0,0.0,0.0,0.0
2019-07-05,0.0,0.0,0.0,0.0,0.0,0.0
2019-07-08,0.0,0.0,0.0,0.0,0.0,0.0
2019-07-09,0.0,0.0,0.0,0.0,0.0,0.0
2019-07-10,0.0,0.0,0.0,0.0,0.0,0.0
2019-07-11,0.0,0.0,0.0,0.0,0.0,0.0
2019-07-12,0.0,0.0,0.0,0.0,0.0,0.0
2019-07-15,0.0,0.0,0.0,0.0,0.0,0.0
2019-07-16,0.0,0.0,0.0,0.0,0.0,0.0
2019-07-17,0.0,0.0,0.0,0.0,0.0,0.0
2019-07-18,0.0,0.0,0.0,0.0,0.0,0.0
2019-07-19,0.0,0.0,0.0,0.0,0.0,0.0
2019-07-22,0.0,0.0,0.0,0.0,0.0,0.0
2019-07-23,0.0,0.0,0.0,0.0,0.0,0.0
2019-07-24,0.0,0.0,0.0,0.0,0.0,0.0
2019-07-25,0.0,0.0,0.0,0.0,0.0,0.0
2019-07-26,0.0,0.0,0.0,0.0,0.0,0.0
2019-07-29,0.0,0.0,0.0,0.0,0.0,0.0
2019-07-30,0.0,0.0,0.0,0.0,0.0,0.0
2019-07-31,0.0,0.0,0.0,0.0,0.0,0.0
2019-08-01,0.0006420621644954161,0.05398720497675909,0.05802692696331602,0.048469242886566795,0.008922453224276775,0.0
2019-08-02,0.0,0.0,0.0,0.0,0.0,0.0
2019-08-05,0.0,0.0,0.0,0.0,0.0,0.0
2019-08-06,0.0,0.0,0.0,0.0,0.0,0.0
2019-08-07,0.0,0.0,0.0,0.0,0.0,0.0
2019-08-08,0.0,0.0,0.0,0.0,0.0,0.0
2019-08-09,0.0,0.0,0.0,0.0,0.0,0.0
2019-08-12,0.0,0.0,0.0,0.0,0.0,0.0
2019-08-13,0.0,0.0,0.0,0.0,0.0,0.0
2019-08-14,0.0,0.0,0.0,0.0,0.0,0.0
2019-08-15,0.0,0.0,0.0,0.0,0.0,0.0
2019-08-16,0.0,0.0,0.0,0.0,0.0,0.0
2019-08-19,0.0,0.0,0.0,0.0,0.0,0.0
2019-08-20,0.0,0.0,0.0,0.0,0.0,0.0
2019-08-21,0.0,0.0,0.0,0.0,0.0,0.0
2019-08-22,0.0,0.0,0.0,0.0,0.0,0.0
2019-08-23,0.0,0.0,0.0,0.0,0.0,0.0
2019-08-26,0.0,0.0,0.0,0.0,0.0,0.0
2019-08-27,0.0,0.0,0.0,0.0,0.0,0.0
2019-08-28,0.0,0.0,0.0,0.0,0.0,0.0
2019-08-29,0.0,0.0,0.0,0.0,0.0,0.0
2019-08-30,0.0,0.0,0.0,0.0,0.0,0.0
2019-09-03,0.010848078277323758,0.053445874375735725,0.041686521926945164,0.020325562217133275,0.024371155714854154,0.0
2019-09-04,0.0,0.0,0.0,0.0,0.0,0.0
2019-09-05,0.0,0.0,0.0,0.0,0.0,0.0
2019-09-06,0.0,0.0,0.0,0.0,0.0,0.0
2019-09-09,0.0,0.0,0.0,0.0,0.0,0.0
2019-09-10,0.0,0.0,0.0,0.0,0.0,0.0
2019-09-11,0.0,0.0,0.0,0.0,0.0,0.0
2019-09-12,0.0,0.0,0.0,0.0,0.0,0.0
2019-09-13,0.0,0.0,0.0,0.0,0.0,0.0
2019-09-16,0.0,0.0,0.0,0.0,0.0,0.0
2019-09-17,0.0,0.0,0.0,0.0,0.0,0.0
2019-09-18,0.0,0.0,0.0,0.0,0.0,0.0
2019-09-19,0.0,0.0,0.0,0.0,0.0,0.0
2019-09-20,0.0,0.0,0.0,0.0,0.0,0.0
2019-09-23,0.0,0.0,0.0,0.0,0.0,0.0
2019-09-24,0.0,0.0,0.0,0.0,0.0,0.0
2019-09-25,0.0,0.0,0.0,0.0,0.0,0.0
2019-09-26,0.0,0.0,0.0,0.0,0.0,0.0
2019-09-27,0.0,0.0,0.0,0.0,0.0,0.0
2019-09-30,0.0,0.0,0.0,0.0,0.0,0.0
2019-10-01,0.0026086470284531482,0.025738241670876218,0.03868302907035864,0.016588358230191932,0.012929730571855577,0.0
2019-10-02,0.0,0.0,0.0,0.0,0.0,0.0
2019-10-03,0.0,0.0,0.0,0.0,0.0,0.0
2019-10-04,0.0,0.0,0.0,0.0,0.0,0.0
2019-10-07,0.0,0.0,0.0,0.0,0.0,0.0
2019-10-08,0.0,0.0,0.0,0.0,0.0,0.0
2019-10-09,0.0,0.0,0.0,0.0,0.0,0.0
2019-10-10,0.0,0.0,0.0,0.0,0.0,0.0
2019-10-11,0.0,0.0,0.0,0.0,0.0,0.0
2019-10-14,0.0,0.0,0.0,0.0,0.0,0.0
2019-10-15,0.0,0.0,0.0,0.0,0.0,0.0
2019-10-16,0.0,0.0,0.0,0.0,0.0,0.0
2019-10-17,0.0,0.0,0.0,0.0,0.0,0.0
2019-10-18,0.0,0.0,0.0,0.0,0.0,0.0
2019-10-21,0.0,0.0,0.0,0.0,0.0,0.0
2019-10-22,0.0,0.0,0.0,0.0,0.0,0.0
2019-10-23,0.0,0.0,0.0,0.0,0.0,0.0
2019-10-24,0.0,0.0,0.0,0.0,0.0,0.0
2019-10-25,0.0,0.0,0.0,0.0,0.0,0.0
2019-10-28,0.0,0.0,0.0,0.0,0.0,0.0
2019-10-29,0.0,0.0,0.0,0.0,0.0,0.0
2019-10-30,0.0,0.0,0.0,0.0,0.0,0.0
2019-10-31,0.0,0.0,0.0,0.0,0.0,0.0
2019-11-01,0.0030115089280904894,0.0334536457686514,0.02818313239742698,0.040720429131305,0.010722486971245115,0.0
2019-11-04,0.0,0.0,0.0,0.0,0.0,0.0
2019-11-05,0.0,0.0,0.0,0.0,0.0,0.0
2019-11-06,0.0,0.0,0.0,0.0,0.0,0.0
2019-11-07,0.0,0.0,0.0,0.0,0.0,0.0
2019-11-08,0.0,0.0,0.0,0.0,0.0,0.0
2019-11-11,0.0,0.0,0.0,0.0,0.0,0.0
2019-11-12,0.0,0.0,0.0,0.0,0.0,0.0
2019-11-13,0.0,0.0,0.0,0.0,0.0,0.0
2019-11-14,0.0,0.0,0.0,0.0,0.0,0.0
2019-11-15,0.0,0.0,0.0,0.0,0.0,0.0
2019-11-18,0.0,0.0,0.0,0.0,0.0,0.0
2019-11-19,0.0,0.0,0.0,0.0,0.0,0.0
2019-11-20,0.0,0.0,0.0,0.0,0.0,0.0
2019-11-21,0.0,0.0,0.0,0.0,0.0,0.0
2019-11-22,0.0,0.0,0.0,0.0,0.0,0.0
2019-11-25,0.0,0.0,0.0,0.0,0.0,0.0
2019-11-26,0.0,0.0,0.0,0.0,0.0,0.0
2019-11-27,0.0,0.0,0.0,0.0,0.0,0.0
2019-11-29,0.0,0.0,0.0,0.0,0.0,0.0
2019-12-02,0.002775825983446417,0.052944197497084365,0.05739742022556116,0.028988449759472235,0.012531429303276678,0.0
2019-12-03,0.0,0.0,0.0,0.0,0.0,0.0
2019-12-04,0.0,0.0,0.0,0.0,0.0,0.0
2019-12-05,0.0,0.0,0.0,0.0,0.0,0.0
2019-12-06,0.0,0.0,0.0,0.0,0.0,0.0
2019-12-09,0.0,0.0,0.0,0.0,0.0,0.0
2019-12-10,0.0,0.0,0.0,0.0,0.0,0.0
2019-12-11,0.0,0.0,0.0,0.0,0.0,0.0
2019-12-12,0.0,0.0,0.0,0.0,0.0,0.0
2019-12-13,0.0,0.0,0.0,0.0,0.0,0.0
2019-12-16,0.0,0.0,0.0,0.0,0.0,0.0
2019-12-17,0.0,0.0,0.0,0.0,0.0,0.0
2019-12-18,0.0,0.0,0.0,0.0,0.0,0.0
2019-12-19,0.0,0.0,0.0,0.0,0.0,0.0
2019-12-20,0.0,0.0,0.0,0.0,0.0,0.0
2019-12-23,0.0,0.0,0.0,0.0,0.0,0.0
2019-12-24,0.0,0.0,0.0,0.0,0.0,0.0
2019-12-26,0.0,0.0,0.0,0.0,0.0,0.0
2019-12-27,0.0,0.0,0.0,0.0,0.0,0.0
2019-12-30,0.0,0.0,0.0,0.0,0.0,0.0
2019-12-31,0.0,0.0,0.0,0.0,0.0,0.0
2020-01-02,0.0019219886056208169,0.026373139110919666,0.026484948204726605,0.08709147044041432,0.008363349941223189,0.0
2020-01-03,0.0,0.0,0.0,0.0,0.0,0.0
2020-01-06,0.0,0.0,0.0,0.0,0.0,0.0
2020-01-07,0.0,0.0,0.0,0.0,0.0,0.0
2020-01-08,0.0,0.0,0.0,0.0,0.0,0.0
2020-01-09,0.0,0.0,0.0,0.0,0.0,0.0
2020-01-10,0.0,0.0,0.0,0.0,0.0,0.0
2020-01-13,0.0,0.0,0.0,0.0,0.0,0.0
2020-01-14,0.0,0.0,0.0,0.0,0.0,0.0
2020-01-15,0.0,0.0,0.0,0.0,0.0,0.0
2020-01-16,0.0,0.0,0.0,0.0,0.0,0.0
2020-01-17,0.0,0.0,0.0,0.0,0.0,0.0
2020-01-21,0.0,0.0,0.0,0.0,0.0,0.0
2020-01-22,0.0,0.0,0.0,0.0,0.0,0.0
2020-01-23,0.0,0.0,0.0,0.0,0.0,0.0
2020-01-24,0.0,0.0,0.0,0.0,0.0,0.0
2020-01-27,0.0,0.0,0.0,0.0,0.0,0.0
2020-01-28,0.0,0.0,0.0,0.0,0.0,0.0
2020-01-29,0.0,0.0,0.0,0.0,0.0,0.0
2020-01-30,0.0,0.0,0.0,0.0,0.0,0.0
2020-01-31,0.0,0.0,0.0,0.0,0.0,0.0
2020-02-03,0.007266769777159537,0.04427588837093909,0.053411943516205276,0.049708005309036116,0.022821575555426896,0.0
2020-02-04,0.0,0.0,0.0,0.0,0.0,0.0
2020-02-05,0.0,0.0,0.0,0.0,0.0,0.0
2020-02-06,0.0,0.0,0.0,0.0,0.0,0.0
2020-02-07,0.0,0.0,0.0,0.0,0.0,0.0
2020-02-10,0.0,0.0,0.0,0.0,0.0,0.0
2020-02-11,0.0,0.0,0.0,0.0,0.0,0.0
2020-02-12,0.0,0.0,0.0,0.0,0.0,0.0
2020-02-13,0.0,0.0,0.0,0.0,0.0,0.0
2020-02-14,0.0,0.0,0.0,0.0,0.0,0.0
2020-02-18,0.0,0.0,0.0,0.0,0.0,0.0
2020-02-19,0.0,0.0,0.0,0.0,0.0,0.0
2020-02-20,0.0,0.0,0.0,0.0,0.0,0.0
2020-02-21,0.0,0.0,0.0,0.0,0.0,0.0
2020-02-24,0.0,0.0,0.0,0.0,0.0,0.0
2020-02-25,0.0,0.0,0.0,0.0,0.0,0.0
2020-02-26,0.0,0.0,0.0,0.0,0.0,0.0
2020-02-27,0.0,0.0,0.0,0.0,0.0,0.0
2020-02-28,0.0,0.0,0.0,0.0,0.0,0.0
2020-03-02,0.7005469563775888,0.1179454122720172,1.0000161581821245,0.5654629599737628,0.01763435536765491,0.0
2020-03-03,0.0,0.0,0.0,0.0,0.0,0.0
2020-03-04,0.0,0.0,0.0,0.0,0.0,0.0
2020-03-05,0.0,0.0,0.0,0.0,0.0,0.0
2020-03-06,0.0,0.0,0.0,0.0,0.0,0.0
2020-03-09,0.0,0.0,0.0,0.0,0.0,0.0
2020-03-10,0.0,0.0,0.0,0.0,0.0,0.0
2020-03-11,0.0,0.0,0.0,0.0,0.0,0.0
2020-03-12,0.0,0.0,0.0,0.0,0.0,0.0
2020-03-13,0.0,0.0,0.0,0.0,0.0,0.0
2020-03-16,0.0,0.0,0.0,0.0,0.0,0.0
2020-03-17,0.0,0.0,0.0,0.0,0.0,0.0
2020-03-18,0.0,0.0,0.0,0.0,0.0,0.0
2020-03-19,0.0,0.0,0.0,0.0,0.0,0.0
2020-03-20,0.0,0.0,0.0,0.0,0.0,0.0
2020-03-23,0.0,0.0,0.0,0.0,0.0,0.0
2020-03-24,0.0,0.0,0.0,0.0,0.0,0.0
2020-03-25,0.0,0.0,0.0,0.0,0.0,0.0
2020-03-26,0.0,0.0,0.0,0.0,0.0,0.0
2020-03-27,0.0,0.0,0.0,0.0,0.0,0.0
2020-03-30,0.0,0.0,0.0,0.0,0.0,0.0
2020-03-31,0.0,0.0,0.0,0.0,0.0,0.0
2020-04-01,0.019953804263548064,0.1613250595781887,0.16265203398582678,0.31016152954475207,0.054380342522651226,0.0
2020-04-02,0.0,0.0,0.0,0.0,0.0,0.0
2020-04-03,0.0,0.0,0.0,0.0,0.0,0.0
2020-04-06,0.0,0.0,0.0,0.0,0.0,0.0
2020-04-07,0.0,0.0,0.0,0.0,0.0,0.0
2020-04-08,0.0,0.0,0.0,0.0,0.0,0.0
2020-04-09,0.0,0.0,0.0,0.0,0.0,0.0
2020-04-13,0.0,0.0,0.0,0.0,0.0,0.0
2020-04-14,0.0,0.0,0.0,0.0,0.0,0.0
2020-04-15,0.0,0.0,0.0,0.0,0.0,0.0
2020-04-16,0.0,0.0,0.0,0.0,0.0,0.0
2020-04-17,0.0,0.0,0.0,0.0,0.0,0.0
2020-04-20,0.0,0.0,0.0,0.0,0.0,0.0
2020-04-21,0.0,0.0,0.0,0.0,0.0,0.0
2020-04-22,0.0,0.0,0.0,0.0,0.0,0.0
2020-04-23,0.0,0.0,0.0,0.0,0.0,0.0
2020-04-24,0.0,0.0,0.0,0.0,0.0,0.0
2020-04-27,0.0,0.0,0.0,0.0,0.0,0.0
2020-04-28,0.0,0.0,0.0,0.0,0.0,0.0
2020-04-29,0.0,0.0,0.0,0.0,0.0,0.0
2020-04-30,0.0,0.0,0.0,0.0,0.0,0.0
2020-05-01,0.002987264160630082,0.0338791862601826,0.7361748343626983,0.08939460364077328,0.026835110477406304,0.0
2020-05-04,0.0,0.0,0.0,0.0,0.0,0.0
2020-05-05,0.0,0.0,0.0,0.0,0.0,0.0
2020-05-06,0.0,0.0,0.0,0.0,0.0,0.0
2020-05-07,0.0,0.0,0.0,0.0,0.0,0.0
2020-05-08,0.0,0.0,0.0,0.0,0.0,0.0
2020-05-11,0.0,0.0,0.0,0.0,0.0,0.0
2020-05-12,0.0,0.0,0.0,0.0,0.0,0.0
2020-05-13,0.0,0.0,0.0,0.0,0.0,0.0
2020-05-14,0.0,0.0,0.0,0.0,0.0,0.0
2020-05-15,0.0,0.0,0.0,0.0,0.0,0.0
2020-05-18,0.0,0.0,0.0,0.0,0.0,0.0
2020-05-19,0.0,0.0,0.0,0.0,0.0,0.0
2020-05-20,0.0,0.0,0.0,0.0,0.0,0.0
2020-05-21,0.0,0.0,0.0,0.0,0.0,0.0
2020-05-22,0.0,0.0,0.0,0.0,0.0,0.0
2020-05-26,0.0,0.0,0.0,0.0,0.0,0.0
2020-05-27,0.0,0.0,0.0,0.0,0.0,0.0
2020-05-28,0.0,0.0,0.0,0.0,0.0,0.0
2020-05-29,0.0,0.0,0.0,0.0,0.0,0.0
2020-06-01,5.7640546197307296e-05,0.028607758108021665,0.017575668782021464,0.00455685066205826,0.017597227794486095,0.0
2020-06-02,0.0,0.0,0.0,0.0,0.0,0.0
2020-06-03,0.0,0.0,0.0,0.0,0.0,0.0
2020-06-04,0.0,0.0,0.0,0.0,0.0,0.0
2020-06-05,0.0,0.0,0.0,0.0,0.0,0.0
2020-06-08,0.0,0.0,0.0,0.0,0.0,0.0
2020-06-09,0.0,0.0,0.0,0.0,0.0,0.0
2020-06-10,0.0,0.0,0.0,0.0,0.0,0.0
2020-06-11,0.0,0.0,0.0,0.0,0.0,0.0
2020-06-12,0.0,0.0,0.0,0.0,0.0,0.0
2020-06-15,0.0,0.0,0.0,0.0,0.0,0.0
2020-06-16,0.0,0.0,0.0,0.0,0.0,0.0
2020-06-17,0.0,0.0,0.0,0.0,0.0,0.0
2020-06-18,0.0,0.0,0.0,0.0,0.0,0.0
2020-06-19,0.0,0.0,0.0,0.0,0.0,0.0
2020-06-22,0.0,0.0,0.0,0.0,0.0,0.0
2020-06-23,0.0,0.0,0.0,0.0,0.0,0.0
2020-06-24,0.0,0.0,0.0,0.0,0.0,0.0
2020-06-25,0.0,0.0,0.0,0.0,0.0,0.0
2020-06-26,0.0,0.0,0.0,0.0,0.0,0.0
2020-06-29,0.0,0.0,0.0,0.0,0.0,0.0
2020-06-30,0.0,0.0,0.0,0.0,0.0,0.0
2020-07-01,0.014303263310201986,0.12191050811746325,0.043308176680890154,0.1050638985865131,0.013167299218007064,0.0
2020-07-02,0.0,0.0,0.0,0.0,0.0,0.0
2020-07-06,0.0,0.0,0.0,0.0,0.0,0.0
2020-07-07,0.0,0.0,0.0,0.0,0.0,0.0
2020-07-08,0.0,0.0,0.0,0.0,0.0,0.0
2020-07-09,0.0,0.0,0.0,0.0,0.0,0.0
2020-07-10,0.0,0.0,0.0,0.0,0.0,0.0
2020-07-13,0.0,0.0,0.0,0.0,0.0,0.0
2020-07-14,0.0,0.0,0.0,0.0,0.0,0.0
2020-07-15,0.0,0.0,0.0,0.0,0.0,0.0
2020-07-16,0.0,0.0,0.0,0.0,0.0,0.0
2020-07-17,0.0,0.0,0.0,0.0,0.0,0.0
2020-07-20,0.0,0.0,0.0,0.0,0.0,0.0
2020-07-21,0.0,0.0,0.0,0.0,0.0,0.0
2020-07-22,0.0,0.0,0.0,0.0,0.0,0.0
2020-07-23,0.0,0.0,0.0,0.0,0.0,0.0
2020-07-24,0.0,0.0,0.0,0.0,0.0,0.0
2020-07-27,0.0,0.0,0.0,0.0,0.0,0.0
2020-07-28,0.0,0.0,0.0,0.0,0.0,0.0
2020-07-29,0.0,0.0,0.0,0.0,0.0,0.0
2020-07-30,0.0,0.0,0.0,0.0,0.0,0.0
2020-07-31,0.0,0.0,0.0,0.0,0.0,0.0
2020-08-03,0.0031696904953538163,0.03778805452068763,0.02699003778943279,0.02444709939393719,0.008139816271042308,0.0
2020-08-04,0.0,0.0,0.0,0.0,0.0,0.0
2020-08-05,0.0,0.0,0.0,0.0,0.0,0.0
2020-08-06,0.0,0.0,0.0,0.0,0.0,0.0
2020-08-07,0.0,0.0,0.0,0.0,0.0,0.0
2020-08-10,0.0,0.0,0.0,0.0,0.0,0.0
2020-08-11,0.0,0.0,0.0,0.0,0.0,0.0
2020-08-12,0.0,0.0,0.0,0.0,0.0,0.0
2020-08-13,0.0,0.0,0.0,0.0,0.0,0.0
2020-08-14,0.0,0.0,0.0,0.0,0.0,0.0
2020-08-17,0.0,0.0,0.0,0.0,0.0,0.0
2020-08-18,0.0,0.0,0.0,0.0,0.0,0.0
2020-08-19,0.0,0.0,0.0,0.0,0.0,0.0
2020-08-20,0.0,0.0,0.0,0.0,0.0,0.0
2020-08-21,0.0,0.0,0.0,0.0,0.0,0.0
2020-08-24,0.0,0.0,0.0,0.0,0.0,0.0
2020-08-25,0.0,0.0,0.0,0.0,0.0,0.0
2020-08-26,0.0,0.0,0.0,0.0,0.0,0.0
2020-08-27,0.0,0.0,0.0,0.0,0.0,0.0
2020-08-28,0.0,0.0,0.0,0.0,0.0,0.0
2020-08-31,0.0,0.0,0.0,0.0,0.0,0.0
2020-09-01,0.015909994688489748,0.09596927774043845,0.5945277680536385,0.1821499009270298,0.018168871868540215,0.0
2020-09-02,0.0,0.0,0.0,0.0,0.0,0.0
2020-09-03,0.0,0.0,0.0,0.0,0.0,0.0
2020-09-04,0.0,0.0,0.0,0.0,0.0,0.0
2020-09-08,0.0,0.0,0.0,0.0,0.0,0.0
2020-09-09,0.0,0.0,0.0,0.0,0.0,0.0
2020-09-10,0.0,0.0,0.0,0.0,0.0,0.0
2020-09-11,0.0,0.0,0.0,0.0,0.0,0.0
2020-09-14,0.0,0.0,0.0,0.0,0.0,0.0
2020-09-15,0.0,0.0,0.0,0.0,0.0,0.0
2020-09-16,0.0,0.0,0.0,0.0,0.0,0.0
2020-09-17,0.0,0.0,0.0,0.0,0.0,0.0
2020-09-18,0.0,0.0,0.0,0.0,0.0,0.0
2020-09-21,0.0,0.0,0.0,0.0,0.0,0.0
2020-09-22,0.0,0.0,0.0,0.0,0.0,0.0
2020-09-23,0.0,0.0,0.0,0.0,0.0,0.0
2020-09-24,0.0,0.0,0.0,0.0,0.0,0.0
2020-09-25,0.0,0.0,0.0,0.0,0.0,0.0
2020-09-28,0.0,0.0,0.0,0.0,0.0,0.0
2020-09-29,0.0,0.0,0.0,0.0,0.0,0.0
2020-09-30,0.0,0.0,0.0,0.0,0.0,0.0
2020-10-01,0.008926521541214039,0.04075792856786462,0.03578088158928919,0.025137824479402708,0.009178109894542125,0.0
2020-10-02,0.0,0.0,0.0,0.0,0.0,0.0
2020-10-05,0.0,0.0,0.0,0.0,0.0,0.0
2020-10-06,0.0,0.0,0.0,0.0,0.0,0.0
2020-10-07,0.0,0.0,0.0,0.0,0.0,0.0
2020-10-08,0.0,0.0,0.0,0.0,0.0,0.0
2020-10-09,0.0,0.0,0.0,0.0,0.0,0.0
2020-10-12,0.0,0.0,0.0,0.0,0.0,0.0
2020-10-13,0.0,0.0,0.0,0.0,0.0,0.0
2020-10-14,0.0,0.0,0.0,0.0,0.0,0.0
2020-10-15,0.0,0.0,0.0,0.0,0.0,0.0
2020-10-16,0.0,0.0,0.0,0.0,0.0,0.0
2020-10-19,0.0,0.0,0.0,0.0,0.0,0.0
2020-10-20,0.0,0.0,0.0,0.0,0.0,0.0
2020-10-21,0.0,0.0,0.0,0.0,0.0,0.0
2020-10-22,0.0,0.0,0.0,0.0,0.0,0.0
2020-10-23,0.0,0.0,0.0,0.0,0.0,0.0
2020-10-26,0.0,0.0,0.0,0.0,0.0,0.0
2020-10-27,0.0,0.0,0.0,0.0,0.0,0.0
2020-10-28,0.0,0.0,0.0,0.0,0.0,0.0
2020-10-29,0.0,0.0,0.0,0.0,0.0,0.0
2020-10-30,0.0,0.0,0.0,0.0,0.0,0.0
2020-11-02,0.00911351123095383,0.02690557113606834,0.021532892382045837,0.007908012208366039,0.015756291706314818,0.0
2020-11-03,0.0,0.0,0.0,0.0,0.0,0.0
2020-11-04,0.0,0.0,0.0,0.0,0.0,0.0
2020-11-05,0.0,0.0,0.0,0.0,0.0,0.0
2020-11-06,0.0,0.0,0.0,0.0,0.0,0.0
2020-11-09,0.0,0.0,0.0,0.0,0.0,0.0
2020-11-10,0.0,0.0,0.0,0.0,0.0,0.0
2020-11-11,0.0,0.0,0.0,0.0,0.0,0.0
2020-11-12,0.0,0.0,0.0,0.0,0.0,0.0
2020-11-13,0.0,0.0,0.0,0.0,0.0,0.0
2020-11-16,0.0,0.0,0.0,0.0,0.0,0.0
2020-11-17,0.0,0.0,0.0,0.0,0.0,0.0
2020-11-18,0.0,0.0,0.0,0.0,0.0,0.0
2020-11-19,0.0,0.0,0.0,0.0,0.0,0.0
2020-11-20,0.0,0.0,0.0,0.0,0.0,0.0
2020-11-23,0.0,0.0,0.0,0.0,0.0,0.0
2020-11-24,0.0,0.0,0.0,0.0,0.0,0.0
2020-11-25,0.0,0.0,0.0,0.0,0.0,0.0
2020-11-27,0.0,0.0,0.0,0.0,0.0,0.0
2020-11-30,0.0,0.0,0.0,0.0,0.0,0.0
2020-12-01,0.005822191895439588,0.06558001799926605,0.02952252472924921,0.007678612562393987,0.031136124318974875,0.0
2020-12-02,0.0,0.0,0.0,0.0,0.0,0.0
2020-12-03,0.0,0.0,0.0,0.0,0.0,0.0
2020-12-04,0.0,0.0,0.0,0.0,0.0,0.0
2020-12-07,0.0,0.0,0.0,0.0,0.0,0.0
2020-12-08,0.0,0.0,0.0,0.0,0.0,0.0
2020-12-09,0.0,0.0,0.0,0.0,0.0,0.0
2020-12-10,0.0,0.0,0.0,0.0,0.0,0.0
2020-12-11,0.0,0.0,0.0,0.0,0.0,0.0
2020-12-14,0.0,0.0,0.0,0.0,0.0,0.0
2020-12-15,0.0,0.0,0.0,0.0,0.0,0.0
2020-12-16,0.0,0.0,0.0,0.0,0.0,0.0
2020-12-17,0.0,0.0,0.0,0.0,0.0,0.0
2020-12-18,0.0,0.0,0.0,0.0,0.0,0.0
2020-12-21,0.0,0.0,0.0,0.0,0.0,0.0
2020-12-22,0.0,0.0,0.0,0.0,0.0,0.0
2020-12-23,0.0,0.0,0.0,0.0,0.0,0.0
2020-12-24,0.0,0.0,0.0,0.0,0.0,0.0
2020-12-28,0.0,0.0,0.0,0.0,0.0,0.0
2020-12-29,0.0,0.0,0.0,0.0,0.0,0.0
2020-12-30,0.0,0.0,0.0,0.0,0.0,0.0
2020-12-31,0.0,0.0,0.0,0.0,0.0,0.0
2021-01-04,0.0014539383970524344,0.053315286585072584,0.035233860657319926,0.054389272828831645,0.009180593464568135,0.0
2021-01-05,0.0,0.0,0.0,0.0,0.0,0.0
2021-01-06,0.0,0.0,0.0,0.0,0.0,0.0
2021-01-07,0.0,0.0,0.0,0.0,0.0,0.0
2021-01-08,0.0,0.0,0.0,0.0,0.0,0.0
2021-01-11,0.0,0.0,0.0,0.0,0.0,0.0
2021-01-12,0.0,0.0,0.0,0.0,0.0,0.0
2021-01-13,0.0,0.0,0.0,0.0,0.0,0.0
2021-01-14,0.0,0.0,0.0,0.0,0.0,0.0
2021-01-15,0.0,0.0,0.0,0.0,0.0,0.0
2021-01-19,0.0,0.0,0.0,0.0,0.0,0.0
2021-01-20,0.0,0.0,0.0,0.0,0.0,0.0
2021-01-21,0.0,0.0,0.0,0.0,0.0,0.0
2021-01-22,0.0,0.0,0.0,0.0,0.0,0.0
2021-01-25,0.0,0.0,0.0,0.0,0.0,0.0
2021-01-26,0.0,0.0,0.0,0.0,0.0,0.0
2021-01-27,0.0,0.0,0.0,0.0,0.0,0.0
2021-01-28,0.0,0.0,0.0,0.0,0.0,0.0
2021-01-29,0.0,0.0,0.0,0.0,0.0,0.0
2021-02-01,0.003928112452856791,0.023007860155449103,0.036294102787952504,0.010029510969157295,0.019971491350373155,0.0
2021-02-02,0.0,0.0,0.0,0.0,0.0,0.0
2021-02-03,0.0,0.0,0.0,0.0,0.0,0.0
2021-02-04,0.0,0.0,0.0,0.0,0.0,0.0
2021-02-05,0.0,0.0,0.0,0.0,0.0,0.0
2021-02-08,0.0,0.0,0.0,0.0,0.0,0.0
2021-02-09,0.0,0.0,0.0,0.0,0.0,0.0
2021-02-10,0.0,0.0,0.0,0.0,0.0,0.0
2021-02-11,0.0,0.0,0.0,0.0,0.0,0.0
2021-02-12,0.0,0.0,0.0,0.0,0.0,0.0
2021-02-16,0.0,0.0,0.0,0.0,0.0,0.0
2021-02-17,0.0,0.0,0.0,0.0,0.0,0.0
2021-02-18,0.0,0.0,0.0,0.0,0.0,0.0
2021-02-19,0.0,0.0,0.0,0.0,0.0,0.0
2021-02-22,0.0,0.0,0.0,0.0,0.0,0.0
2021-02-23,0.0,0.0,0.0,0.0,0.0,0.0
2021-02-24,0.0,0.0,0.0,0.0,0.0,0.0
2021-02-25,0.0,0.0,0.0,0.0,0.0,0.0
2021-02-26,0.0,0.0,0.0,0.0,0.0,0.0
2021-03-01,0.009140451922486553,0.03406146646095982,0.03830030260924577,0.011089712564563828,0.03039050460434993,0.0
2021-03-02,0.0,0.0,0.0,0.0,0.0,0.0
2021-03-03,0.0,0.0,0.0,0.0,0.0,0.0
2021-03-04,0.0,0.0,0.0,0.0,0.0,0.0
2021-03-05,0.0,0.0,0.0,0.0,0.0,0.0
2021-03-08,0.0,0.0,0.0,0.0,0.0,0.0
2021-03-09,0.0,0.0,0.0,0.0,0.0,0.0
2021-03-10,0.0,0.0,0.0,0.0,0.0,0.0
2021-03-11,0.0,0.0,0.0,0.0,0.0,0.0
2021-03-12,0.0,0.0,0.0,0.0,0.0,0.0
2021-03-15,0.0,0.0,0.0,0.0,0.0,0.0
2021-03-16,0.0,0.0,0.0,0.0,0.0,0.0
2021-03-17,0.0,0.0,0.0,0.0,0.0,0.0
2021-03-18,0.0,0.0,0.0,0.0,0.0,0.0
2021-03-19,0.0,0.0,0.0,0.0,0.0,0.0
2021-03-22,0.0,0.0,0.0,0.0,0.0,0.0
2021-03-23,0.0,0.0,0.0,0.0,0.0,0.0
2021-03-24,0.0,0.0,0.0,0.0,0.0,0.0
2021-03-25,0.0,0.0,0.0,0.0,0.0,0.0
2021-03-26,0.0,0.0,0.0,0.0,0.0,0.0
2021-03-29,0.0,0.0,0.0,0.0,0.0,0.0
2021-03-30,0.0,0.0,0.0,0.0,0.0,0.0
2021-03-31,0.0,0.0,0.0,0.0,0.0,0.0
2021-04-01,0.7000026471642691,0.050843012029649394,1.0000114543252687,0.21948723760631786,0.02008070786089515,0.0
2021-04-05,0.0,0.0,0.0,0.0,0.0,0.0
2021-04-06,0.0,0.0,0.0,0.0,0.0,0.0
2021-04-07,0.0,0.0,0.0,0.0,0.0,0.0
2021-04-08,0.0,0.0,0.0,0.0,0.0,0.0
2021-04-09,0.0,0.0,0.0,0.0,0.0,0.0
2021-04-12,0.0,0.0,0.0,0.0,0.0,0.0
2021-04-13,0.0,0.0,0.0,0.0,0.0,0.0
2021-04-14,0.0,0.0,0.0,0.0,0.0,0.0
2021-04-15,0.0,0.0,0.0,0.0,0.0,0.0
2021-04-16,0.0,0.0,0.0,0.0,0.0,0.0
2021-04-19,0.0,0.0,0.0,0.0,0.0,0.0
2021-04-20,0.0,0.0,0.0,0.0,0.0,0.0
2021-04-21,0.0,0.0,0.0,0.0,0.0,0.0
2021-04-22,0.0,0.0,0.0,0.0,0.0,0.0
2021-04-23,0.0,0.0,0.0,0.0,0.0,0.0
2021-04-26,0.0,0.0,0.0,0.0,0.0,0.0
2021-04-27,0.0,0.0,0.0,0.0,0.0,0.0
2021-04-28,0.0,0.0,0.0,0.0,0.0,0.0
2021-04-29,0.0,0.0,0.0,0.0,0.0,0.0
2021-04-30,0.0,0.0,0.0,0.0,0.0,0.0
2021-05-03,0.7002035761656586,0.028797010230833302,1.0002932957528974,0.18246500287946837,0.009059815335753216,0.0
2021-05-04,0.0,0.0,0.0,0.0,0.0,0.0
2021-05-05,0.0,0.0,0.0,0.0,0.0,0.0
2021-05-06,0.0,0.0,0.0,0.0,0.0,0.0
2021-05-07,0.0,0.0,0.0,0.0,0.0,0.0
2021-05-10,0.0,0.0,0.0,0.0,0.0,0.0
2021-05-11,0.0,0.0,0.0,0.0,0.0,0.0
2021-05-12,0.0,0.0,0.0,0.0,0.0,0.0
2021-05-13,0.0,0.0,0.0,0.0,0.0,0.0
2021-05-14,0.0,0.0,0.0,0.0,0.0,0.0
2021-05-17,0.0,0.0,0.0,0.0,0.0,0.0
2021-05-18,0.0,0.0,0.0,0.0,0.0,0.0
2021-05-19,0.0,0.0,0.0,0.0,0.0,0.0
2021-05-20,0.0,0.0,0.0,0.0,0.0,0.0
2021-05-21,0.0,0.0,0.0,0.0,0.0,0.0
2021-05-24,0.0,0.0,0.0,0.0,0.0,0.0
2021-05-25,0.0,0.0,0.0,0.0,0.0,0.0
2021-05-26,0.0,0.0,0.0,0.0,0.0,0.0
2021-05-27,0.0,0.0,0.0,0.0,0.0,0.0
2021-05-28,0.0,0.0,0.0,0.0,0.0,0.0
2021-06-01,0.004694548955826633,0.03755308667848159,0.023163799233863885,0.005140513102471371,0.009141499902795377,0.0
2021-06-02,0.0,0.0,0.0,0.0,0.0,0.0
2021-06-03,0.0,0.0,0.0,0.0,0.0,0.0
2021-06-04,0.0,0.0,0.0,0.0,0.0,0.0
2021-06-07,0.0,0.0,0.0,0.0,0.0,0.0
2021-06-08,0.0,0.0,0.0,0.0,0.0,0.0
2021-06-09,0.0,0.0,0.0,0.0,0.0,0.0
2021-06-10,0.0,0.0,0.0,0.0,0.0,0.0
2021-06-11,0.0,0.0,0.0,0.0,0.0,0.0
2021-06-14,0.0,0.0,0.0,0.0,0.0,0.0
2021-06-15,0.0,0.0,0.0,0.0,0.0,0.0
2021-06-16,0.0,0.0,0.0,0.0,0.0,0.0
2021-06-17,0.0,0.0,0.0,0.0,0.0,0.0
2021-06-18,0.0,0.0,0.0,0.0,0.0,0.0
2021-06-21,0.0,0.0,0.0,0.0,0.0,0.0
2021-06-22,0.0,0.0,0.0,0.0,0.0,0.0
2021-06-23,0.0,0.0,0.0,0.0,0.0,0.0
2021-06-24,0.0,0.0,0.0,0.0,0.0,0.0
2021-06-25,0.0,0.0,0.0,0.0,0.0,0.0
2021-06-28,0.0,0.0,0.0,0.0,0.0,0.0
2021-06-29,0.0,0.0,0.0,0.0,0.0,0.0
2021-06-30,0.0,0.0,0.0,0.0,0.0,0.0
2021-07-01,0.012752043641829747,0.05111778830377828,0.024679527914648114,0.06102569060486961,0.01974253821668695,0.0
2021-07-02,0.0,0.0,0.0,0.0,0.0,0.0
2021-07-06,0.0,0.0,0.0,0.0,0.0,0.0
2021-07-07,0.0,0.0,0.0,0.0,0.0,0.0
2021-07-08,0.0,0.0,0.0,0.0,0.0,0.0
2021-07-09,0.0,0.0,0.0,0.0,0.0,0.0
2021-07-12,0.0,0.0,0.0,0.0,0.0,0.0
2021-07-13,0.0,0.0,0.0,0.0,0.0,0.0
2021-07-14,0.0,0.0,0.0,0.0,0.0,0.0
2021-07-15,0.0,0.0,0.0,0.0,0.0,0.0
2021-07-16,0.0,0.0,0.0,0.0,0.0,0.0
2021-07-19,0.0,0.0,0.0,0.0,0.0,0.0
2021-07-20,0.0,0.0,0.0,0.0,0.0,0.0
2021-07-21,0.0,0.0,0.0,0.0,0.0,0.0
2021-07-22,0.0,0.0,0.0,0.0,0.0,0.0
2021-07-23,0.0,0.0,0.0,0.0,0.0,0.0
2021-07-26,0.0,0.0,0.0,0.0,0.0,0.0
2021-07-27,0.0,0.0,0.0,0.0,0.0,0.0
2021-07-28,0.0,0.0,0.0,0.0,0.0,0.0
2021-07-29,0.0,0.0,0.0,0.0,0.0,0.0
2021-07-30,0.0,0.0,0.0,0.0,0.0,0.0
2021-08-02,0.003051617817079466,0.034460139629455475,0.02417327508663722,0.026492932386945903,0.006433656549851438,0.0
2021-08-03,0.0,0.0,0.0,0.0,0.0,0.0
2021-08-04,0.0,0.0,0.0,0.0,0.0,0.0
2021-08-05,0.0,0.0,0.0,0.0,0.0,0.0
2021-08-06,0.0,0.0,0.0,0.0,0.0,0.0
2021-08-09,0.0,0.0,0.0,0.0,0.0,0.0
2021-08-10,0.0,0.0,0.0,0.0,0.0,0.0
2021-08-11,0.0,0.0,0.0,0.0,0.0,0.0
2021-08-12,0.0,0.0,0.0,0.0,0.0,0.0
2021-08-13,0.0,0.0,0.0,0.0,0.0,0.0
2021-08-16,0.0,0.0,0.0,0.0,0.0,0.0
2021-08-17,0.0,0.0,0.0,0.0,0.0,0.0
2021-08-18,0.0,0.0,0.0,0.0,0.0,0.0
2021-08-19,0.0,0.0,0.0,0.0,0.0,0.0
2021-08-20,0.0,0.0,0.0,0.0,0.0,0.0
2021-08-23,0.0,0.0,0.0,0.0,0.0,0.0
2021-08-24,0.0,0.0,0.0,0.0,0.0,0.0
2021-08-25,0.0,0.0,0.0,0.0,0.0,0.0
2021-08-26,0.0,0.0,0.0,0.0,0.0,0.0
2021-08-27,0.0,0.0,0.0,0.0,0.0,0.0
2021-08-30,0.0,0.0,0.0,0.0,0.0,0.0
2021-08-31,0.0,0.0,0.0,0.0,0.0,0.0
2021-09-01,0.7032744056262509,0.03678450294349127,1.000007089542375,0.2742964048923444,0.008658526145660317,0.0
2021-09-02,0.0,0.0,0.0,0.0,0.0,0.0
2021-09-03,0.0,0.0,0.0,0.0,0.0,0.0
2021-09-07,0.0,0.0,0.0,0.0,0.0,0.0
2021-09-08,0.0,0.0,0.0,0.0,0.0,0.0
2021-09-09,0.0,0.0,0.0,0.0,0.0,0.0
2021-09-10,0.0,0.0,0.0,0.0,0.0,0.0
2021-09-13,0.0,0.0,0.0,0.0,0.0,0.0
2021-09-14,0.0,0.0,0.0,0.0,0.0,0.0
2021-09-15,0.0,0.0,0.0,0.0,0.0,0.0
2021-09-16,0.0,0.0,0.0,0.0,0.0,0.0
2021-09-17,0.0,0.0,0.0,0.0,0.0,0.0
2021-09-20,0.0,0.0,0.0,0.0,0.0,0.0
2021-09-21,0.0,0.0,0.0,0.0,0.0,0.0
2021-09-22,0.0,0.0,0.0,0.0,0.0,0.0
2021-09-23,0.0,0.0,0.0,0.0,0.0,0.0
2021-09-24,0.0,0.0,0.0,0.0,0.0,0.0
2021-09-27,0.0,0.0,0.0,0.0,0.0,0.0
2021-09-28,0.0,0.0,0.0,0.0,0.0,0.0
2021-09-29,0.0,0.0,0.0,0.0,0.0,0.0
2021-09-30,0.0,0.0,0.0,0.0,0.0,0.0
2021-10-01,0.7002147605977124,0.02437482835515606,0.6856267154088602,0.1985969222651861,0.00736717270227584,0.0
2021-10-04,0.0,0.0,0.0,0.0,0.0,0.0
2021-10-05,0.0,0.0,0.0,0.0,0.0,0.0
2021-10-06,0.0,0.0,0.0,0.0,0.0,0.0
2021-10-07,0.0,0.0,0.0,0.0,0.0,0.0
2021-10-08,0.0,0.0,0.0,0.0,0.0,0.0
2021-10-11,0.0,0.0,0.0,0.0,0.0,0.0
2021-10-12,0.0,0.0,0.0,0.0,0.0,0.0
2021-10-13,0.0,0.0,0.0,0.0,0.0,0.0
2021-10-14,0.0,0.0,0.0,0.0,0.0,0.0
2021-10-15,0.0,0.0,0.0,0.0,0.0,0.0
2021-10-18,0.0,0.0,0.0,0.0,0.0,0.0
2021-10-19,0.0,0.0,0.0,0.0,0.0,0.0
2021-10-20,0.0,0.0,0.0,0.0,0.0,0.0
2021-10-21,0.0,0.0,0.0,0.0,0.0,0.0
2021-10-22,0.0,0.0,0.0,0.0,0.0,0.0
2021-10-25,0.0,0.0,0.0,0.0,0.0,0.0
2021-10-26,0.0,0.0,0.0,0.0,0.0,0.0
2021-10-27,0.0,0.0,0.0,0.0,0.0,0.0
2021-10-28,0.0,0.0,0.0,0.0,0.0,0.0
2021-10-29,0.0,0.0,0.0,0.0,0.0,0.0
2021-11-01,0.008120685395561322,0.03966649683108342,0.020383591512418642,0.01580385896416528,0.007740706640173234,0.0
2021-11-02,0.0,0.0,0.0,0.0,0.0,0.0
2021-11-03,0.0,0.0,0.0,0.0,0.0,0.0
2021-11-04,0.0,0.0,0.0,0.0,0.0,0.0
2021-11-05,0.0,0.0,0.0,0.0,0.0,0.0
2021-11-08,0.0,0.0,0.0,0.0,0.0,0.0
2021-11-09,0.0,0.0,0.0,0.0,0.0,0.0
2021-11-10,0.0,0.0,0.0,0.0,0.0,0.0
2021-11-11,0.0,0.0,0.0,0.0,0.0,0.0
2021-11-12,0.0,0.0,0.0,0.0,0.0,0.0
2021-11-15,0.0,0.0,0.0,0.0,0.0,0.0
2021-11-16,0.0,0.0,0.0,0.0,0.0,0.0
2021-11-17,0.0,0.0,0.0,0.0,0.0,0.0
2021-11-18,0.0,0.0,0.0,0.0,0.0,0.0
2021-11-19,0.0,0.0,0.0,0.0,0.0,0.0
2021-11-22,0.0,0.0,0.0,0.0,0.0,0.0
2021-11-23,0.0,0.0,0.0,0.0,0.0,0.0
2021-11-24,0.0,0.0,0.0,0.0,0.0,0.0
2021-11-26,0.0,0.0,0.0,0.0,0.0,0.0
2021-11-29,0.0,0.0,0.0,0.0,0.0,0.0
2021-11-30,0.0,0.0,0.0,0.0,0.0,0.0
2021-12-01,0.007619771747337772,0.05030129469242057,0.037565136156929996,0.013432798312200914,0.010885565142729259,0.0
2021-12-02,0.0,0.0,0.0,0.0,0.0,0.0
2021-12-03,0.0,0.0,0.0,0.0,0.0,0.0
2021-12-06,0.0,0.0,0.0,0.0,0.0,0.0
2021-12-07,0.0,0.0,0.0,0.0,0.0,0.0
2021-12-08,0.0,0.0,0.0,0.0,0.0,0.0
2021-12-09,0.0,0.0,0.0,0.0,0.0,0.0
2021-12-10,0.0,0.0,0.0,0.0,0.0,0.0
2021-12-13,0.0,0.0,0.0,0.0,0.0,0.0
2021-12-14,0.0,0.0,0.0,0.0,0.0,0.0
2021-12-15,0.0,0.0,0.0,0.0,0.0,0.0
2021-12-16,0.0,0.0,0.0,0.0,0.0,0.0
2021-12-17,0.0,0.0,0.0,0.0,0.0,0.0
2021-12-20,0.0,0.0,0.0,0.0,0.0,0.0
2021-12-21,0.0,0.0,0.0,0.0,0.0,0.0
2021-12-22,0.0,0.0,0.0,0.0,0.0,0.0
2021-12-23,0.0,0.0,0.0,0.0,0.0,0.0
2021-12-27,0.0,0.0,0.0,0.0,0.0,0.0
2021-12-28,0.0,0.0,0.0,0.0,0.0,0.0
2021-12-29,0.0,0.0,0.0,0.0,0.0,0.0
2021-12-30,0.0,0.0,0.0,0.0,0.0,0.0
2021-12-31,0.0,0.0,0.0,0.0,0.0,0.0
2022-01-03,0.007494499871506827,0.05907882148866933,0.08874572534135011,0.04116287757695353,0.018175219501828085,0.0
2022-01-04,0.0,0.0,0.0,0.0,0.0,0.0
2022-01-05,0.0,0.0,0.0,0.0,0.0,0.0
2022-01-06,0.0,0.0,0.0,0.0,0.0,0.0
2022-01-07,0.0,0.0,0.0,0.0,0.0,0.0
2022-01-10,0.0,0.0,0.0,0.0,0.0,0.0
2022-01-11,0.0,0.0,0.0,0.0,0.0,0.0
2022-01-12,0.0,0.0,0.0,0.0,0.0,0.0
2022-01-13,0.0,0.0,0.0,0.0,0.0,0.0
2022-01-14,0.0,0.0,0.0,0.0,0.0,0.0
2022-01-18,0.0,0.0,0.0,0.0,0.0,0.0
2022-01-19,0.0,0.0,0.0,0.0,0.0,0.0
2022-01-20,0.0,0.0,0.0,0.0,0.0,0.0
2022-01-21,0.0,0.0,0.0,0.0,0.0,0.0
2022-01-24,0.0,0.0,0.0,0.0,0.0,0.0
2022-01-25,0.0,0.0,0.0,0.0,0.0,0.0
2022-01-26,0.0,0.0,0.0,0.0,0.0,0.0
2022-01-27,0.0,0.0,0.0,0.0,0.0,0.0
2022-01-28,0.0,0.0,0.0,0.0,0.0,0.0
2022-01-31,0.0,0.0,0.0,0.0,0.0,0.0
2022-02-01,0.023386865062730827,0.0510798181057612,0.013875777057007821,0.02915917843092973,0.016014850296213287,0.0
2022-02-02,0.0,0.0,0.0,0.0,0.0,0.0
2022-02-03,0.0,0.0,0.0,0.0,0.0,0.0
2022-02-04,0.0,0.0,0.0,0.0,0.0,0.0
2022-02-07,0.0,0.0,0.0,0.0,0.0,0.0
2022-02-08,0.0,0.0,0.0,0.0,0.0,0.0
2022-02-09,0.0,0.0,0.0,0.0,0.0,0.0
2022-02-10,0.0,0.0,0.0,0.0,0.0,0.0
2022-02-11,0.0,0.0,0.0,0.0,0.0,0.0
2022-02-14,0.0,0.0,0.0,0.0,0.0,0.0
2022-02-15,0.0,0.0,0.0,0.0,0.0,0.0
2022-02-16,0.0,0.0,0.0,0.0,0.0,0.0
2022-02-17,0.0,0.0,0.0,0.0,0.0,0.0
2022-02-18,0.0,0.0,0.0,0.0,0.0,0.0
2022-02-22,0.0,0.0,0.0,0.0,0.0,0.0
2022-02-23,0.0,0.0,0.0,0.0,0.0,0.0
2022-02-24,0.0,0.0,0.0,0.0,0.0,0.0
2022-02-25,0.0,0.0,0.0,0.0,0.0,0.0
2022-02-28,0.0,0.0,0.0,0.0,0.0,0.0
2022-03-01,0.7000073718182425,0.03634044396151722,0.6119413228633276,0.15565759035656984,0.02352605407465136,0.0
2022-03-02,0.0,0.0,0.0,0.0,0.0,0.0
2022-03-03,0.0,0.0,0.0,0.0,0.0,0.0
2022-03-04,0.0,0.0,0.0,0.0,0.0,0.0
2022-03-07,0.0,0.0,0.0,0.0,0.0,0.0
2022-03-08,0.0,0.0,0.0,0.0,0.0,0.0
2022-03-09,0.0,0.0,0.0,0.0,0.0,0.0
2022-03-10,0.0,0.0,0.0,0.0,0.0,0.0
2022-03-11,0.0,0.0,0.0,0.0,0.0,0.0
2022-03-14,0.0,0.0,0.0,0.0,0.0,0.0
2022-03-15,0.0,0.0,0.0,0.0,0.0,0.0
2022-03-16,0.0,0.0,0.0,0.0,0.0,0.0
2022-03-17,0.0,0.0,0.0,0.0,0.0,0.0
2022-03-18,0.0,0.0,0.0,0.0,0.0,0.0
2022-03-21,0.0,0.0,0.0,0.0,0.0,0.0
2022-03-22,0.0,0.0,0.0,0.0,0.0,0.0
2022-03-23,0.0,0.0,0.0,0.0,0.0,0.0
2022-03-24,0.0,0.0,0.0,0.0,0.0,0.0
2022-03-25,0.0,0.0,0.0,0.0,0.0,0.0
2022-03-28,0.0,0.0,0.0,0.0,0.0,0.0
2022-03-29,0.0,0.0,0.0,0.0,0.0,0.0
2022-03-30,0.0,0.0,0.0,0.0,0.0,0.0
2022-03-31,0.0,0.0,0.0,0.0,0.0,0.0
2022-04-01,0.5505453721344195,0.08104461806444217,1.0001848340728587,0.2611403904690938,0.01958009945708794,0.0
2022-04-04,0.0,0.0,0.0,0.0,0.0,0.0
2022-04-05,0.0,0.0,0.0,0.0,0.0,0.0
2022-04-06,0.0,0.0,0.0,0.0,0.0,0.0
2022-04-07,0.0,0.0,0.0,0.0,0.0,0.0
2022-04-08,0.0,0.0,0.0,0.0,0.0,0.0
2022-04-11,0.0,0.0,0.0,0.0,0.0,0.0
2022-04-12,0.0,0.0,0.0,0.0,0.0,0.0
2022-04-13,0.0,0.0,0.0,0.0,0.0,0.0
2022-04-14,0.0,0.0,0.0,0.0,0.0,0.0
2022-04-18,0.0,0.0,0.0,0.0,0.0,0.0
2022-04-19,0.0,0.0,0.0,0.0,0.0,0.0
2022-04-20,0.0,0.0,0.0,0.0,0.0,0.0
2022-04-21,0.0,0.0,0.0,0.0,0.0,0.0
2022-04-22,0.0,0.0,0.0,0.0,0.0,0.0
2022-04-25,0.0,0.0,0.0,0.0,0.0,0.0
2022-04-26,0.0,0.0,0.0,0.0,0.0,0.0
2022-04-27,0.0,0.0,0.0,0.0,0.0,0.0
2022-04-28,0.0,0.0,0.0,0.0,0.0,0.0
2022-04-29,0.0,0.0,0.0,0.0,0.0,0.0
2022-05-02,0.012050921252654612,0.021862293271227587,0.027687800426680176,0.008060617853615525,0.02086649454446335,0.0
2022-05-03,0.0,0.0,0.0,0.0,0.0,0.0
2022-05-04,0.0,0.0,0.0,0.0,0.0,0.0
2022-05-05,0.0,0.0,0.0,0.0,0.0,0.0
2022-05-06,0.0,0.0,0.0,0.0,0.0,0.0
2022-05-09,0.0,0.0,0.0,0.0,0.0,0.0
2022-05-10,0.0,0.0,0.0,0.0,0.0,0.0
2022-05-11,0.0,0.0,0.0,0.0,0.0,0.0
2022-05-12,0.0,0.0,0.0,0.0,0.0,0.0
2022-05-13,0.0,0.0,0.0,0.0,0.0,0.0
2022-05-16,0.0,0.0,0.0,0.0,0.0,0.0
2022-05-17,0.0,0.0,0.0,0.0,0.0,0.0
2022-05-18,0.0,0.0,0.0,0.0,0.0,0.0
2022-05-19,0.0,0.0,0.0,0.0,0.0,0.0
2022-05-20,0.0,0.0,0.0,0.0,0.0,0.0
2022-05-23,0.0,0.0,0.0,0.0,0.0,0.0
2022-05-24,0.0,0.0,0.0,0.0,0.0,0.0
2022-05-25,0.0,0.0,0.0,0.0,0.0,0.0
2022-05-26,0.0,0.0,0.0,0.0,0.0,0.0
2022-05-27,0.0,0.0,0.0,0.0,0.0,0.0
2022-05-31,0.0,0.0,0.0,0.0,0.0,0.0
2022-06-01,0.008928021956611812,0.042300674022739466,0.06460378521681426,0.10184749152194236,0.011570114954577826,0.0
2022-06-02,0.0,0.0,0.0,0.0,0.0,0.0
2022-06-03,0.0,0.0,0.0,0.0,0.0,0.0
2022-06-06,0.0,0.0,0.0,0.0,0.0,0.0
2022-06-07,0.0,0.0,0.0,0.0,0.0,0.0
2022-06-08,0.0,0.0,0.0,0.0,0.0,0.0
2022-06-09,0.0,0.0,0.0,0.0,0.0,0.0
2022-06-10,0.0,0.0,0.0,0.0,0.0,0.0
2022-06-13,0.0,0.0,0.0,0.0,0.0,0.0
2022-06-14,0.0,0.0,0.0,0.0,0.0,0.0
2022-06-15,0.0,0.0,0.0,0.0,0.0,0.0
2022-06-16,0.0,0.0,0.0,0.0,0.0,0.0
2022-06-17,0.0,0.0,0.0,0.0,0.0,0.0
2022-06-21,0.0,0.0,0.0,0.0,0.0,0.0
2022-06-22,0.0,0.0,0.0,0.0,0.0,0.0
2022-06-23,0.0,0.0,0.0,0.0,0.0,0.0
2022-06-24,0.0,0.0,0.0,0.0,0.0,0.0
2022-06-27,0.0,0.0,0.0,0.0,0.0,0.0
2022-06-28,0.0,0.0,0.0,0.0,0.0,0.0
2022-06-29,0.0,0.0,0.0,0.0,0.0,0.0
2022-06-30,0.0,0.0,0.0,0.0,0.0,0.0
2022-07-01,0.5423382550279682,0.07001879936597759,1.0000224780067235,0.13405080490535137,0.023647457296608998,0.0
2022-07-05,0.0,0.0,0.0,0.0,0.0,0.0
2022-07-06,0.0,0.0,0.0,0.0,0.0,0.0
2022-07-07,0.0,0.0,0.0,0.0,0.0,0.0
2022-07-08,0.0,0.0,0.0,0.0,0.0,0.0
2022-07-11,0.0,0.0,0.0,0.0,0.0,0.0
2022-07-12,0.0,0.0,0.0,0.0,0.0,0.0
2022-07-13,0.0,0.0,0.0,0.0,0.0,0.0
2022-07-14,0.0,0.0,0.0,0.0,0.0,0.0
2022-07-15,0.0,0.0,0.0,0.0,0.0,0.0
2022-07-18,0.0,0.0,0.0,0.0,0.0,0.0
2022-07-19,0.0,0.0,0.0,0.0,0.0,0.0
2022-07-20,0.0,0.0,0.0,0.0,0.0,0.0
2022-07-21,0.0,0.0,0.0,0.0,0.0,0.0
2022-07-22,0.0,0.0,0.0,0.0,0.0,0.0
2022-07-25,0.0,0.0,0.0,0.0,0.0,0.0
2022-07-26,0.0,0.0,0.0,0.0,0.0,0.0
2022-07-27,0.0,0.0,0.0,0.0,0.0,0.0
2022-07-28,0.0,0.0,0.0,0.0,0.0,0.0
2022-07-29,0.0,0.0,0.0,0.0,0.0,0.0
2022-08-01,0.005859786065546491,0.021979187483994425,0.004783942969803057,0.0028047109380627405,0.015597243718545775,0.0
2022-08-02,0.0,0.0,0.0,0.0,0.0,0.0
2022-08-03,0.0,0.0,0.0,0.0,0.0,0.0
2022-08-04,0.0,0.0,0.0,0.0,0.0,0.0
2022-08-05,0.0,0.0,0.0,0.0,0.0,0.0
2022-08-08,0.0,0.0,0.0,0.0,0.0,0.0
2022-08-09,0.0,0.0,0.0,0.0,0.0,0.0
2022-08-10,0.0,0.0,0.0,0.0,0.0,0.0
2022-08-11,0.0,0.0,0.0,0.0,0.0,0.0
2022-08-12,0.0,0.0,0.0,0.0,0.0,0.0
2022-08-15,0.0,0.0,0.0,0.0,0.0,0.0
2022-08-16,0.0,0.0,0.0,0.0,0.0,0.0
2022-08-17,0.0,0.0,0.0,0.0,0.0,0.0
2022-08-18,0.0,0.0,0.0,0.0,0.0,0.0
2022-08-19,0.0,0.0,0.0,0.0,0.0,0.0
2022-08-22,0.0,0.0,0.0,0.0,0.0,0.0
2022-08-23,0.0,0.0,0.0,0.0,0.0,0.0
2022-08-24,0.0,0.0,0.0,0.0,0.0,0.0
2022-08-25,0.0,0.0,0.0,0.0,0.0,0.0
2022-08-26,0.0,0.0,0.0,0.0,0.0,0.0
2022-08-29,0.0,0.0,0.0,0.0,0.0,0.0
2022-08-30,0.0,0.0,0.0,0.0,0.0,0.0
2022-08-31,0.0,0.0,0.0,0.0,0.0,0.0
2022-09-01,0.0008294198420935595,0.041958453471021354,0.011239582016335653,0.05603376573490801,0.007828288736514769,0.0
2022-09-02,0.0,0.0,0.0,0.0,0.0,0.0
2022-09-06,0.0,0.0,0.0,0.0,0.0,0.0
2022-09-07,0.0,0.0,0.0,0.0,0.0,0.0
2022-09-08,0.0,0.0,0.0,0.0,0.0,0.0
2022-09-09,0.0,0.0,0.0,0.0,0.0,0.0
2022-09-12,0.0,0.0,0.0,0.0,0.0,0.0
2022-09-13,0.0,0.0,0.0,0.0,0.0,0.0
2022-09-14,0.0,0.0,0.0,0.0,0.0,0.0
2022-09-15,0.0,0.0,0.0,0.0,0.0,0.0
2022-09-16,0.0,0.0,0.0,0.0,0.0,0.0
2022-09-19,0.0,0.0,0.0,0.0,0.0,0.0
2022-09-20,0.0,0.0,0.0,0.0,0.0,0.0
2022-09-21,0.0,0.0,0.0,0.0,0.0,0.0
2022-09-22,0.0,0.0,0.0,0.0,0.0,0.0
2022-09-23,0.0,0.0,0.0,0.0,0.0,0.0
2022-09-26,0.0,0.0,0.0,0.0,0.0,0.0
2022-09-27,0.0,0.0,0.0,0.0,0.0,0.0
2022-09-28,0.0,0.0,0.0,0.0,0.0,0.0
2022-09-29,0.0,0.0,0.0,0.0,0.0,0.0
2022-09-30,0.0,0.0,0.0,0.0,0.0,0.0
2022-10-03,0.0015614237771200412,0.02809417303906201,0.015028278639871773,0.06451296226040507,0.009816704069613089,0.0
2022-10-04,0.0,0.0,0.0,0.0,0.0,0.0
2022-10-05,0.0,0.0,0.0,0.0,0.0,0.0
2022-10-06,0.0,0.0,0.0,0.0,0.0,0.0
2022-10-07,0.0,0.0,0.0,0.0,0.0,0.0
2022-10-10,0.0,0.0,0.0,0.0,0.0,0.0
2022-10-11,0.0,0.0,0.0,0.0,0.0,0.0
2022-10-12,0.0,0.0,0.0,0.0,0.0,0.0
2022-10-13,0.0,0.0,0.0,0.0,0.0,0.0
2022-10-14,0.0,0.0,0.0,0.0,0.0,0.0
2022-10-17,0.0,0.0,0.0,0.0,0.0,0.0
2022-10-18,0.0,0.0,0.0,0.0,0.0,0.0
2022-10-19,0.0,0.0,0.0,0.0,0.0,0.0
2022-10-20,0.0,0.0,0.0,0.0,0.0,0.0
2022-10-21,0.0,0.0,0.0,0.0,0.0,0.0
2022-10-24,0.0,0.0,0.0,0.0,0.0,0.0
2022-10-25,0.0,0.0,0.0,0.0,0.0,0.0
2022-10-26,0.0,0.0,0.0,0.0,0.0,0.0
2022-10-27,0.0,0.0,0.0,0.0,0.0,0.0
2022-10-28,0.0,0.0,0.0,0.0,0.0,0.0
2022-10-31,0.0,0.0,0.0,0.0,0.0,0.0
2022-11-01,0.546615919292307,0.04364378949744707,1.000004539403602,0.23845880686752952,0.02589499187846414,0.0
2022-11-02,0.0,0.0,0.0,0.0,0.0,0.0
2022-11-03,0.0,0.0,0.0,0.0,0.0,0.0
2022-11-04,0.0,0.0,0.0,0.0,0.0,0.0
2022-11-07,0.0,0.0,0.0,0.0,0.0,0.0
2022-11-08,0.0,0.0,0.0,0.0,0.0,0.0
2022-11-09,0.0,0.0,0.0,0.0,0.0,0.0
2022-11-10,0.0,0.0,0.0,0.0,0.0,0.0
2022-11-11,0.0,0.0,0.0,0.0,0.0,0.0
2022-11-14,0.0,0.0,0.0,0.0,0.0,0.0
2022-11-15,0.0,0.0,0.0,0.0,0.0,0.0
2022-11-16,0.0,0.0,0.0,0.0,0.0,0.0
2022-11-17,0.0,0.0,0.0,0.0,0.0,0.0
2022-11-18,0.0,0.0,0.0,0.0,0.0,0.0
2022-11-21,0.0,0.0,0.0,0.0,0.0,0.0
2022-11-22,0.0,0.0,0.0,0.0,0.0,0.0
2022-11-23,0.0,0.0,0.0,0.0,0.0,0.0
2022-11-25,0.0,0.0,0.0,0.0,0.0,0.0
2022-11-28,0.0,0.0,0.0,0.0,0.0,0.0
2022-11-29,0.0,0.0,0.0,0.0,0.0,0.0
2022-11-30,0.0,0.0,0.0,0.0,0.0,0.0
2022-12-01,0.0035784637389751767,0.03104388885522827,0.03733482036069874,0.0731437161291523,0.009143654632031054,0.0
2022-12-02,0.0,0.0,0.0,0.0,0.0,0.0
2022-12-05,0.0,0.0,0.0,0.0,0.0,0.0
2022-12-06,0.0,0.0,0.0,0.0,0.0,0.0
2022-12-07,0.0,0.0,0.0,0.0,0.0,0.0
2022-12-08,0.0,0.0,0.0,0.0,0.0,0.0
2022-12-09,0.0,0.0,0.0,0.0,0.0,0.0
2022-12-12,0.0,0.0,0.0,0.0,0.0,0.0
2022-12-13,0.0,0.0,0.0,0.0,0.0,0.0
2022-12-14,0.0,0.0,0.0,0.0,0.0,0.0
2022-12-15,0.0,0.0,0.0,0.0,0.0,0.0
2022-12-16,0.0,0.0,0.0,0.0,0.0,0.0
2022-12-19,0.0,0.0,0.0,0.0,0.0,0.0
2022-12-20,0.0,0.0,0.0,0.0,0.0,0.0
2022-12-21,0.0,0.0,0.0,0.0,0.0,0.0
2022-12-22,0.0,0.0,0.0,0.0,0.0,0.0
2022-12-23,0.0,0.0,0.0,0.0,0.0,0.0
2022-12-27,0.0,0.0,0.0,0.0,0.0,0.0
2022-12-28,0.0,0.0,0.0,0.0,0.0,0.0
2022-12-29,0.0,0.0,0.0,0.0,0.0,0.0
2022-12-30,0.0,0.0,0.0,0.0,0.0,0.0
2023-01-03,0.5448440974772605,0.033440093291607034,1.0000118192565166,0.14500050584924873,0.014461837786356901,0.0
2023-01-04,0.0,0.0,0.0,0.0,0.0,0.0
2023-01-05,0.0,0.0,0.0,0.0,0.0,0.0
2023-01-06,0.0,0.0,0.0,0.0,0.0,0.0
2023-01-09,0.0,0.0,0.0,0.0,0.0,0.0
2023-01-10,0.0,0.0,0.0,0.0,0.0,0.0
2023-01-11,0.0,0.0,0.0,0.0,0.0,0.0
2023-01-12,0.0,0.0,0.0,0.0,0.0,0.0
2023-01-13,0.0,0.0,0.0,0.0,0.0,0.0
2023-01-17,0.0,0.0,0.0,0.0,0.0,0.0
2023-01-18,0.0,0.0,0.0,0.0,0.0,0.0
2023-01-19,0.0,0.0,0.0,0.0,0.0,0.0
2023-01-20,0.0,0.0,0.0,0.0,0.0,0.0
2023-01-23,0.0,0.0,0.0,0.0,0.0,0.0
2023-01-24,0.0,0.0,0.0,0.0,0.0,0.0
2023-01-25,0.0,0.0,0.0,0.0,0.0,0.0
2023-01-26,0.0,0.0,0.0,0.0,0.0,0.0
2023-01-27,0.0,0.0,0.0,0.0,0.0,0.0
2023-01-30,0.0,0.0,0.0,0.0,0.0,0.0
2023-01-31,0.0,0.0,0.0,0.0,0.0,0.0
2023-02-01,0.013391428840630465,0.020144599333354003,0.03370649451684765,0.007271670760846009,0.015469682393871434,0.0
2023-02-02,0.0,0.0,0.0,0.0,0.0,0.0
2023-02-03,0.0,0.0,0.0,0.0,0.0,0.0
2023-02-06,0.0,0.0,0.0,0.0,0.0,0.0
2023-02-07,0.0,0.0,0.0,0.0,0.0,0.0
2023-02-08,0.0,0.0,0.0,0.0,0.0,0.0
2023-02-09,0.0,0.0,0.0,0.0,0.0,0.0
2023-02-10,0.0,0.0,0.0,0.0,0.0,0.0
2023-02-13,0.0,0.0,0.0,0.0,0.0,0.0
2023-02-14,0.0,0.0,0.0,0.0,0.0,0.0
2023-02-15,0.0,0.0,0.0,0.0,0.0,0.0
2023-02-16,0.0,0.0,0.0,0.0,0.0,0.0
2023-02-17,0.0,0.0,0.0,0.0,0.0,0.0
2023-02-21,0.0,0.0,0.0,0.0,0.0,0.0
2023-02-22,0.0,0.0,0.0,0.0,0.0,0.0
2023-02-23,0.0,0.0,0.0,0.0,0.0,0.0
2023-02-24,0.0,0.0,0.0,0.0,0.0,0.0
2023-02-27,0.0,0.0,0.0,0.0,0.0,0.0
2023-02-28,0.0,0.0,0.0,0.0,0.0,0.0
2023-03-01,0.00043285353012240124,0.013409456457145641,0.017248318277009067,0.05862195691996208,0.006325558856031477,0.0
2023-03-02,0.0,0.0,0.0,0.0,0.0,0.0
2023-03-03,0.0,0.0,0.0,0.0,0.0,0.0
2023-03-06,0.0,0.0,0.0,0.0,0.0,0.0
2023-03-07,0.0,0.0,0.0,0.0,0.0,0.0
2023-03-08,0.0,0.0,0.0,0.0,0.0,0.0
2023-03-09,0.0,0.0,0.0,0.0,0.0,0.0
2023-03-10,0.0,0.0,0.0,0.0,0.0,0.0
2023-03-13,0.0,0.0,0.0,0.0,0.0,0.0
2023-03-14,0.0,0.0,0.0,0.0,0.0,0.0
2023-03-15,0.0,0.0,0.0,0.0,0.0,0.0
2023-03-16,0.0,0.0,0.0,0.0,0.0,0.0
2023-03-17,0.0,0.0,0.0,0.0,0.0,0.0
2023-03-20,0.0,0.0,0.0,0.0,0.0,0.0
2023-03-21,0.0,0.0,0.0,0.0,0.0,0.0
2023-03-22,0.0,0.0,0.0,0.0,0.0,0.0
2023-03-23,0.0,0.0,0.0,0.0,0.0,0.0
2023-03-24,0.0,0.0,0.0,0.0,0.0,0.0
2023-03-27,0.0,0.0,0.0,0.0,0.0,0.0
2023-03-28,0.0,0.0,0.0,0.0,0.0,0.0
2023-03-29,0.0,0.0,0.0,0.0,0.0,0.0
2023-03-30,0.0,0.0,0.0,0.0,0.0,0.0
2023-03-31,0.0,0.0,0.0,0.0,0.0,0.0
2023-04-03,0.0008454885433193116,0.03939957889672209,0.04027088213727634,0.07665808367199617,0.023414746392340383,0.0
2023-04-04,0.0,0.0,0.0,0.0,0.0,0.0
2023-04-05,0.0,0.0,0.0,0.0,0.0,0.0
2023-04-06,0.0,0.0,0.0,0.0,0.0,0.0
2023-04-10,0.0,0.0,0.0,0.0,0.0,0.0
2023-04-11,0.0,0.0,0.0,0.0,0.0,0.0
2023-04-12,0.0,0.0,0.0,0.0,0.0,0.0
2023-04-13,0.0,0.0,0.0,0.0,0.0,0.0
2023-04-14,0.0,0.0,0.0,0.0,0.0,0.0
2023-04-17,0.0,0.0,0.0,0.0,0.0,0.0
2023-04-18,0.0,0.0,0.0,0.0,0.0,0.0
2023-04-19,0.0,0.0,0.0,0.0,0.0,0.0
2023-04-20,0.0,0.0,0.0,0.0,0.0,0.0
2023-04-21,0.0,0.0,0.0,0.0,0.0,0.0
2023-04-24,0.0,0.0,0.0,0.0,0.0,0.0
2023-04-25,0.0,0.0,0.0,0.0,0.0,0.0
2023-04-26,0.0,0.0,0.0,0.0,0.0,0.0
2023-04-27,0.0,0.0,0.0,0.0,0.0,0.0
2023-04-28,0.0,0.0,0.0,0.0,0.0,0.0
2023-05-01,0.55234599638651,0.023952326035824922,0.7122355503024529,0.23055563827752826,0.006591232725425347,0.0
2023-05-02,0.0,0.0,0.0,0.0,0.0,0.0
2023-05-03,0.0,0.0,0.0,0.0,0.0,0.0
2023-05-04,0.0,0.0,0.0,0.0,0.0,0.0
2023-05-05,0.0,0.0,0.0,0.0,0.0,0.0
2023-05-08,0.0,0.0,0.0,0.0,0.0,0.0
2023-05-09,0.0,0.0,0.0,0.0,0.0,0.0
2023-05-10,0.0,0.0,0.0,0.0,0.0,0.0
2023-05-11,0.0,0.0,0.0,0.0,0.0,0.0
2023-05-12,0.0,0.0,0.0,0.0,0.0,0.0
2023-05-15,0.0,0.0,0.0,0.0,0.0,0.0
2023-05-16,0.0,0.0,0.0,0.0,0.0,0.0
2023-05-17,0.0,0.0,0.0,0.0,0.0,0.0
2023-05-18,0.0,0.0,0.0,0.0,0.0,0.0
2023-05-19,0.0,0.0,0.0,0.0,0.0,0.0
2023-05-22,0.0,0.0,0.0,0.0,0.0,0.0
2023-05-23,0.0,0.0,0.0,0.0,0.0,0.0
2023-05-24,0.0,0.0,0.0,0.0,0.0,0.0
2023-05-25,0.0,0.0,0.0,0.0,0.0,0.0
2023-05-26,0.0,0.0,0.0,0.0,0.0,0.0
2023-05-30,0.0,0.0,0.0,0.0,0.0,0.0
2023-05-31,0.0,0.0,0.0,0.0,0.0,0.0
2023-06-01,0.5526506891108259,0.0137831753229566,0.6970847544944421,0.22369691858413862,0.0212377447388465,0.0
2023-06-02,0.0,0.0,0.0,0.0,0.0,0.0
2023-06-05,0.0,0.0,0.0,0.0,0.0,0.0
2023-06-06,0.0,0.0,0.0,0.0,0.0,0.0
2023-06-07,0.0,0.0,0.0,0.0,0.0,0.0
2023-06-08,0.0,0.0,0.0,0.0,0.0,0.0
2023-06-09,0.0,0.0,0.0,0.0,0.0,0.0
2023-06-12,0.0,0.0,0.0,0.0,0.0,0.0
2023-06-13,0.0,0.0,0.0,0.0,0.0,0.0
2023-06-14,0.0,0.0,0.0,0.0,0.0,0.0
2023-06-15,0.0,0.0,0.0,0.0,0.0,0.0
2023-06-16,0.0,0.0,0.0,0.0,0.0,0.0
2023-06-20,0.0,0.0,0.0,0.0,0.0,0.0
2023-06-21,0.0,0.0,0.0,0.0,0.0,0.0
2023-06-22,0.0,0.0,0.0,0.0,0.0,0.0
2023-06-23,0.0,0.0,0.0,0.0,0.0,0.0
2023-06-26,0.0,0.0,0.0,0.0,0.0,0.0
2023-06-27,0.0,0.0,0.0,0.0,0.0,0.0
2023-06-28,0.0,0.0,0.0,0.0,0.0,0.0
2023-06-29,0.0,0.0,0.0,0.0,0.0,0.0
2023-06-30,0.0,0.0,0.0,0.0,0.0,0.0
2023-07-03,0.005003894708513507,0.03786633549699863,0.039770610145420965,0.033219793804154615,0.017631256646121432,0.0
2023-07-05,0.0,0.0,0.0,0.0,0.0,0.0
2023-07-06,0.0,0.0,0.0,0.0,0.0,0.0
2023-07-07,0.0,0.0,0.0,0.0,0.0,0.0
2023-07-10,0.0,0.0,0.0,0.0,0.0,0.0
2023-07-11,0.0,0.0,0.0,0.0,0.0,0.0
2023-07-12,0.0,0.0,0.0,0.0,0.0,0.0
2023-07-13,0.0,0.0,0.0,0.0,0.0,0.0
2023-07-14,0.0,0.0,0.0,0.0,0.0,0.0
2023-07-17,0.0,0.0,0.0,0.0,0.0,0.0
2023-07-18,0.0,0.0,0.0,0.0,0.0,0.0
2023-07-19,0.0,0.0,0.0,0.0,0.0,0.0
2023-07-20,0.0,0.0,0.0,0.0,0.0,0.0
2023-07-21,0.0,0.0,0.0,0.0,0.0,0.0
2023-07-24,0.0,0.0,0.0,0.0,0.0,0.0
2023-07-25,0.0,0.0,0.0,0.0,0.0,0.0
2023-07-26,0.0,0.0,0.0,0.0,0.0,0.0
2023-07-27,0.0,0.0,0.0,0.0,0.0,0.0
2023-07-28,0.0,0.0,0.0,0.0,0.0,0.0
2023-07-31,0.0,0.0,0.0,0.0,0.0,0.0
2023-08-01,0.005739215610370385,0.020145758360566292,0.02341188674394537,0.02139717018724417,0.012281894407365657,0.0
2023-08-02,0.0,0.0,0.0,0.0,0.0,0.0
2023-08-03,0.0,0.0,0.0,0.0,0.0,0.0
2023-08-04,0.0,0.0,0.0,0.0,0.0,0.0
2023-08-07,0.0,0.0,0.0,0.0,0.0,0.0
2023-08-08,0.0,0.0,0.0,0.0,0.0,0.0
2023-08-09,0.0,0.0,0.0,0.0,0.0,0.0
2023-08-10,0.0,0.0,0.0,0.0,0.0,0.0
2023-08-11,0.0,0.0,0.0,0.0,0.0,0.0
2023-08-14,0.0,0.0,0.0,0.0,0.0,0.0
2023-08-15,0.0,0.0,0.0,0.0,0.0,0.0
2023-08-16,0.0,0.0,0.0,0.0,0.0,0.0
2023-08-17,0.0,0.0,0.0,0.0,0.0,0.0
2023-08-18,0.0,0.0,0.0,0.0,0.0,0.0
2023-08-21,0.0,0.0,0.0,0.0,0.0,0.0
2023-08-22,0.0,0.0,0.0,0.0,0.0,0.0
2023-08-23,0.0,0.0,0.0,0.0,0.0,0.0
2023-08-24,0.0,0.0,0.0,0.0,0.0,0.0
2023-08-25,0.0,0.0,0.0,0.0,0.0,0.0
2023-08-28,0.0,0.0,0.0,0.0,0.0,0.0
2023-08-29,0.0,0.0,0.0,0.0,0.0,0.0
2023-08-30,0.0,0.0,0.0,0.0,0.0,0.0
2023-08-31,0.0,0.0,0.0,0.0,0.0,0.0
2023-09-01,0.0041738198271401294,0.0578406205524797,0.06356047036980132,0.02988231855767976,0.005059783687936012,0.0
2023-09-05,0.0,0.0,0.0,0.0,0.0,0.0
2023-09-06,0.0,0.0,0.0,0.0,0.0,0.0
2023-09-07,0.0,0.0,0.0,0.0,0.0,0.0
2023-09-08,0.0,0.0,0.0,0.0,0.0,0.0
2023-09-11,0.0,0.0,0.0,0.0,0.0,0.0
2023-09-12,0.0,0.0,0.0,0.0,0.0,0.0
2023-09-13,0.0,0.0,0.0,0.0,0.0,0.0
2023-09-14,0.0,0.0,0.0,0.0,0.0,0.0
2023-09-15,0.0,0.0,0.0,0.0,0.0,0.0
2023-09-18,0.0,0.0,0.0,0.0,0.0,0.0
2023-09-19,0.0,0.0,0.0,0.0,0.0,0.0
2023-09-20,0.0,0.0,0.0,0.0,0.0,0.0
2023-09-21,0.0,0.0,0.0,0.0,0.0,0.0
2023-09-22,0.0,0.0,0.0,0.0,0.0,0.0
2023-09-25,0.0,0.0,0.0,0.0,0.0,0.0
2023-09-26,0.0,0.0,0.0,0.0,0.0,0.0
2023-09-27,0.0,0.0,0.0,0.0,0.0,0.0
2023-09-28,0.0,0.0,0.0,0.0,0.0,0.0
2023-09-29,0.0,0.0,0.0,0.0,0.0,0.0
2023-10-02,0.548890281317479,0.019509647523840254,0.7703921864355212,0.2638720578026241,0.01009396903732969,0.0
2023-10-03,0.0,0.0,0.0,0.0,0.0,0.0
2023-10-04,0.0,0.0,0.0,0.0,0.0,0.0
2023-10-05,0.0,0.0,0.0,0.0,0.0,0.0
2023-10-06,0.0,0.0,0.0,0.0,0.0,0.0
2023-10-09,0.0,0.0,0.0,0.0,0.0,0.0
2023-10-10,0.0,0.0,0.0,0.0,0.0,0.0
2023-10-11,0.0,0.0,0.0,0.0,0.0,0.0
2023-10-12,0.0,0.0,0.0,0.0,0.0,0.0
2023-10-13,0.0,0.0,0.0,0.0,0.0,0.0
2023-10-16,0.0,0.0,0.0,0.0,0.0,0.0
2023-10-17,0.0,0.0,0.0,0.0,0.0,0.0
2023-10-18,0.0,0.0,0.0,0.0,0.0,0.0
2023-10-19,0.0,0.0,0.0,0.0,0.0,0.0
2023-10-20,0.0,0.0,0.0,0.0,0.0,0.0
2023-10-23,0.0,0.0,0.0,0.0,0.0,0.0
2023-10-24,0.0,0.0,0.0,0.0,0.0,0.0
2023-10-25,0.0,0.0,0.0,0.0,0.0,0.0
2023-10-26,0.0,0.0,0.0,0.0,0.0,0.0
2023-10-27,0.0,0.0,0.0,0.0,0.0,0.0
2023-10-30,0.0,0.0,0.0,0.0,0.0,0.0
2023-10-31,0.0,0.0,0.0,0.0,0.0,0.0
2023-11-01,0.0019163946734675474,0.0584476754206537,0.05279118806340055,0.035571457353529776,0.01397742840538517,0.0
2023-11-02,0.0,0.0,0.0,0.0,0.0,0.0
2023-11-03,0.0,0.0,0.0,0.0,0.0,0.0
2023-11-06,0.0,0.0,0.0,0.0,0.0,0.0
2023-11-07,0.0,0.0,0.0,0.0,0.0,0.0
2023-11-08,0.0,0.0,0.0,0.0,0.0,0.0
2023-11-09,0.0,0.0,0.0,0.0,0.0,0.0
2023-11-10,0.0,0.0,0.0,0.0,0.0,0.0
2023-11-13,0.0,0.0,0.0,0.0,0.0,0.0
2023-11-14,0.0,0.0,0.0,0.0,0.0,0.0
2023-11-15,0.0,0.0,0.0,0.0,0.0,0.0
2023-11-16,0.0,0.0,0.0,0.0,0.0,0.0
2023-11-17,0.0,0.0,0.0,0.0,0.0,0.0
2023-11-20,0.0,0.0,0.0,0.0,0.0,0.0
2023-11-21,0.0,0.0,0.0,0.0,0.0,0.0
2023-11-22,0.0,0.0,0.0,0.0,0.0,0.0
2023-11-24,0.0,0.0,0.0,0.0,0.0,0.0
2023-11-27,0.0,0.0,0.0,0.0,0.0,0.0
2023-11-28,0.0,0.0,0.0,0.0,0.0,0.0
2023-11-29,0.0,0.0,0.0,0.0,0.0,0.0
2023-11-30,0.0,0.0,0.0,0.0,0.0,0.0
2023-12-01,0.5488138301169662,0.0361459700198522,0.7688457300560608,0.2534624173022515,0.011088969996028819,0.0
2023-12-04,0.0,0.0,0.0,0.0,0.0,0.0
2023-12-05,0.0,0.0,0.0,0.0,0.0,0.0
2023-12-06,0.0,0.0,0.0,0.0,0.0,0.0
2023-12-07,0.0,0.0,0.0,0.0,0.0,0.0
2023-12-08,0.0,0.0,0.0,0.0,0.0,0.0
2023-12-11,0.0,0.0,0.0,0.0,0.0,0.0
2023-12-12,0.0,0.0,0.0,0.0,0.0,0.0
2023-12-13,0.0,0.0,0.0,0.0,0.0,0.0
2023-12-14,0.0,0.0,0.0,0.0,0.0,0.0
2023-12-15,0.0,0.0,0.0,0.0,0.0,0.0
2023-12-18,0.0,0.0,0.0,0.0,0.0,0.0
2023-12-19,0.0,0.0,0.0,0.0,0.0,0.0
2023-12-20,0.0,0.0,0.0,0.0,0.0,0.0
2023-12-21,0.0,0.0,0.0,0.0,0.0,0.0
2023-12-22,0.0,0.0,0.0,0.0,0.0,0.0
2023-12-26,0.0,0.0,0.0,0.0,0.0,0.0
2023-12-27,0.0,0.0,0.0,0.0,0.0,0.0
2023-12-28,0.0,0.0,0.0,0.0,0.0,0.0
2023-12-29,0.0,0.0,0.0,0.0,0.0,0.0
2024-01-02,0.7048998311633659,0.03143577486641515,1.0002241147831321,0.2824331136429552,0.007914848150616993,0.0
2024-01-03,0.0,0.0,0.0,0.0,0.0,0.0
2024-01-04,0.0,0.0,0.0,0.0,0.0,0.0
2024-01-05,0.0,0.0,0.0,0.0,0.0,0.0
2024-01-08,0.0,0.0,0.0,0.0,0.0,0.0
2024-01-09,0.0,0.0,0.0,0.0,0.0,0.0
2024-01-10,0.0,0.0,0.0,0.0,0.0,0.0
2024-01-11,0.0,0.0,0.0,0.0,0.0,0.0
2024-01-12,0.0,0.0,0.0,0.0,0.0,0.0
2024-01-16,0.0,0.0,0.0,0.0,0.0,0.0
2024-01-17,0.0,0.0,0.0,0.0,0.0,0.0
2024-01-18,0.0,0.0,0.0,0.0,0.0,0.0
2024-01-19,0.0,0.0,0.0,0.0,0.0,0.0
2024-01-22,0.0,0.0,0.0,0.0,0.0,0.0
2024-01-23,0.0,0.0,0.0,0.0,0.0,0.0
2024-01-24,0.0,0.0,0.0,0.0,0.0,0.0
2024-01-25,0.0,0.0,0.0,0.0,0.0,0.0
2024-01-26,0.0,0.0,0.0,0.0,0.0,0.0
2024-01-29,0.0,0.0,0.0,0.0,0.0,0.0
2024-01-30,0.0,0.0,0.0,0.0,0.0,0.0
2024-01-31,0.0,0.0,0.0,0.0,0.0,0.0
2024-02-01,0.010868552004413029,0.0218219490576436,0.03554952090254232,0.01577227185317623,0.007602383831102011,0.0
2024-02-02,0.0,0.0,0.0,0.0,0.0,0.0
2024-02-05,0.0,0.0,0.0,0.0,0.0,0.0
2024-02-06,0.0,0.0,0.0,0.0,0.0,0.0
2024-02-07,0.0,0.0,0.0,0.0,0.0,0.0
2024-02-08,0.0,0.0,0.0,0.0,0.0,0.0
2024-02-09,0.0,0.0,0.0,0.0,0.0,0.0
2024-02-12,0.0,0.0,0.0,0.0,0.0,0.0
2024-02-13,0.0,0.0,0.0,0.0,0.0,0.0
2024-02-14,0.0,0.0,0.0,0.0,0.0,0.0
2024-02-15,0.0,0.0,0.0,0.0,0.0,0.0
2024-02-16,0.0,0.0,0.0,0.0,0.0,0.0
2024-02-20,0.0,0.0,0.0,0.0,0.0,0.0
2024-02-21,0.0,0.0,0.0,0.0,0.0,0.0
2024-02-22,0.0,0.0,0.0,0.0,0.0,0.0
2024-02-23,0.0,0.0,0.0,0.0,0.0,0.0
2024-02-26,0.0,0.0,0.0,0.0,0.0,0.0
2024-02-27,0.0,0.0,0.0,0.0,0.0,0.0
2024-02-28,0.0,0.0,0.0,0.0,0.0,0.0
2024-02-29,0.0,0.0,0.0,0.0,0.0,0.0
2024-03-01,0.701557456191657,0.01859398929772496,1.00001042465597,0.28557936688853225,0.012141988356847572,0.0
2024-03-04,0.0,0.0,0.0,0.0,0.0,0.0
2024-03-05,0.0,0.0,0.0,0.0,0.0,0.0
2024-03-06,0.0,0.0,0.0,0.0,0.0,0.0
2024-03-07,0.0,0.0,0.0,0.0,0.0,0.0
2024-03-08,0.0,0.0,0.0,0.0,0.0,0.0
2024-03-11,0.0,0.0,0.0,0.0,0.0,0.0
2024-03-12,0.0,0.0,0.0,0.0,0.0,0.0
2024-03-13,0.0,0.0,0.0,0.0,0.0,0.0
2024-03-14,0.0,0.0,0.0,0.0,0.0,0.0
2024-03-15,0.0,0.0,0.0,0.0,0.0,0.0
2024-03-18,0.0,0.0,0.0,0.0,0.0,0.0
2024-03-19,0.0,0.0,0.0,0.0,0.0,0.0
2024-03-20,0.0,0.0,0.0,0.0,0.0,0.0
2024-03-21,0.0,0.0,0.0,0.0,0.0,0.0
2024-03-22,0.0,0.0,0.0,0.0,0.0,0.0
2024-03-25,0.0,0.0,0.0,0.0,0.0,0.0
2024-03-26,0.0,0.0,0.0,0.0,0.0,0.0
2024-03-27,0.0,0.0,0.0,0.0,0.0,0.0
2024-03-28,0.0,0.0,0.0,0.0,0.0,0.0
2024-04-01,0.0073528763342400605,0.020035641585705116,0.02955553322743576,0.027165938354639443,0.013611939869383027,0.0
2024-04-02,0.0,0.0,0.0,0.0,0.0,0.0
2024-04-03,0.0,0.0,0.0,0.0,0.0,0.0
2024-04-04,0.0,0.0,0.0,0.0,0.0,0.0
2024-04-05,0.0,0.0,0.0,0.0,0.0,0.0
2024-04-08,0.0,0.0,0.0,0.0,0.0,0.0
2024-04-09,0.0,0.0,0.0,0.0,0.0,0.0
2024-04-10,0.0,0.0,0.0,0.0,0.0,0.0
2024-04-11,0.0,0.0,0.0,0.0,0.0,0.0
2024-04-12,0.0,0.0,0.0,0.0,0.0,0.0
2024-04-15,0.0,0.0,0.0,0.0,0.0,0.0
2024-04-16,0.0,0.0,0.0,0.0,0.0,0.0
2024-04-17,0.0,0.0,0.0,0.0,0.0,0.0
2024-04-18,0.0,0.0,0.0,0.0,0.0,0.0
2024-04-19,0.0,0.0,0.0,0.0,0.0,0.0
2024-04-22,0.0,0.0,0.0,0.0,0.0,0.0
2024-04-23,0.0,0.0,0.0,0.0,0.0,0.0
2024-04-24,0.0,0.0,0.0,0.0,0.0,0.0
2024-04-25,0.0,0.0,0.0,0.0,0.0,0.0
2024-04-26,0.0,0.0,0.0,0.0,0.0,0.0
2024-04-29,0.0,0.0,0.0,0.0,0.0,0.0
2024-04-30,0.0,0.0,0.0,0.0,0.0,0.0
2024-05-01,0.005715618984463211,0.05933783425544325,0.06305772228693929,0.04620854100477374,0.02810407381245654,0.0
2024-05-02,0.0,0.0,0.0,0.0,0.0,0.0
2024-05-03,0.0,0.0,0.0,0.0,0.0,0.0
2024-05-06,0.0,0.0,0.0,0.0,0.0,0.0
2024-05-07,0.0,0.0,0.0,0.0,0.0,0.0
2024-05-08,0.0,0.0,0.0,0.0,0.0,0.0
2024-05-09,0.0,0.0,0.0,0.0,0.0,0.0
2024-05-10,0.0,0.0,0.0,0.0,0.0,0.0
2024-05-13,0.0,0.0,0.0,0.0,0.0,0.0
2024-05-14,0.0,0.0,0.0,0.0,0.0,0.0
2024-05-15,0.0,0.0,0.0,0.0,0.0,0.0
2024-05-16,0.0,0.0,0.0,0.0,0.0,0.0
2024-05-17,0.0,0.0,0.0,0.0,0.0,0.0
2024-05-20,0.0,0.0,0.0,0.0,0.0,0.0
2024-05-21,0.0,0.0,0.0,0.0,0.0,0.0
2024-05-22,0.0,0.0,0.0,0.0,0.0,0.0
2024-05-23,0.0,0.0,0.0,0.0,0.0,0.0
2024-05-24,0.0,0.0,0.0,0.0,0.0,0.0
2024-05-28,0.0,0.0,0.0,0.0,0.0,0.0
2024-05-29,0.0,0.0,0.0,0.0,0.0,0.0
2024-05-30,0.0,0.0,0.0,0.0,0.0,0.0
2024-05-31,0.0,0.0,0.0,0.0,0.0,0.0
2024-06-03,0.5486761976492345,0.04813256664418422,1.0000185846594718,0.3478619562068248,0.007776825323985034,0.0
2024-06-04,0.0,0.0,0.0,0.0,0.0,0.0
2024-06-05,0.0,0.0,0.0,0.0,0.0,0.0
2024-06-06,0.0,0.0,0.0,0.0,0.0,0.0
2024-06-07,0.0,0.0,0.0,0.0,0.0,0.0
2024-06-10,0.0,0.0,0.0,0.0,0.0,0.0
2024-06-11,0.0,0.0,0.0,0.0,0.0,0.0
2024-06-12,0.0,0.0,0.0,0.0,0.0,0.0
2024-06-13,0.0,0.0,0.0,0.0,0.0,0.0
2024-06-14,0.0,0.0,0.0,0.0,0.0,0.0
2024-06-17,0.0,0.0,0.0,0.0,0.0,0.0
2024-06-18,0.0,0.0,0.0,0.0,0.0,0.0
2024-06-20,0.0,0.0,0.0,0.0,0.0,0.0
2024-06-21,0.0,0.0,0.0,0.0,0.0,0.0
2024-06-24,0.0,0.0,0.0,0.0,0.0,0.0
2024-06-25,0.0,0.0,0.0,0.0,0.0,0.0
2024-06-26,0.0,0.0,0.0,0.0,0.0,0.0
2024-06-27,0.0,0.0,0.0,0.0,0.0,0.0
2024-06-28,0.0,0.0,0.0,0.0,0.0,0.0
2024-07-01,0.011277647003981164,0.02091060644531513,0.022381355127891384,0.02733587340794697,0.01162873906603995,0.0
2024-07-02,0.0,0.0,0.0,0.0,0.0,0.0
2024-07-03,0.0,0.0,0.0,0.0,0.0,0.0
2024-07-05,0.0,0.0,0.0,0.0,0.0,0.0
2024-07-08,0.0,0.0,0.0,0.0,0.0,0.0
2024-07-09,0.0,0.0,0.0,0.0,0.0,0.0
2024-07-10,0.0,0.0,0.0,0.0,0.0,0.0
2024-07-11,0.0,0.0,0.0,0.0,0.0,0.0
2024-07-12,0.0,0.0,0.0,0.0,0.0,0.0
2024-07-15,0.0,0.0,0.0,0.0,0.0,0.0
2024-07-16,0.0,0.0,0.0,0.0,0.0,0.0
2024-07-17,0.0,0.0,0.0,0.0,0.0,0.0
2024-07-18,0.0,0.0,0.0,0.0,0.0,0.0
2024-07-19,0.0,0.0,0.0,0.0,0.0,0.0
2024-07-22,0.0,0.0,0.0,0.0,0.0,0.0
2024-07-23,0.0,0.0,0.0,0.0,0.0,0.0
2024-07-24,0.0,0.0,0.0,0.0,0.0,0.0
2024-07-25,0.0,0.0,0.0,0.0,0.0,0.0
2024-07-26,0.0,0.0,0.0,0.0,0.0,0.0
2024-07-29,0.0,0.0,0.0,0.0,0.0,0.0
2024-07-30,0.0,0.0,0.0,0.0,0.0,0.0
2024-07-31,0.0,0.0,0.0,0.0,0.0,0.0
2024-08-01,0.011602186629952188,0.03674025446039217,0.07354483026472355,0.03212308938163453,0.024941287502842815,0.0
2024-08-02,0.0,0.0,0.0,0.0,0.0,0.0
2024-08-05,0.0,0.0,0.0,0.0,0.0,0.0
2024-08-06,0.0,0.0,0.0,0.0,0.0,0.0
2024-08-07,0.0,0.0,0.0,0.0,0.0,0.0
2024-08-08,0.0,0.0,0.0,0.0,0.0,0.0
2024-08-09,0.0,0.0,0.0,0.0,0.0,0.0
2024-08-12,0.0,0.0,0.0,0.0,0.0,0.0
2024-08-13,0.0,0.0,0.0,0.0,0.0,0.0
2024-08-14,0.0,0.0,0.0,0.0,0.0,0.0
2024-08-15,0.0,0.0,0.0,0.0,0.0,0.0
2024-08-16,0.0,0.0,0.0,0.0,0.0,0.0
2024-08-19,0.0,0.0,0.0,0.0,0.0,0.0
2024-08-20,0.0,0.0,0.0,0.0,0.0,0.0
2024-08-21,0.0,0.0,0.0,0.0,0.0,0.0
2024-08-22,0.0,0.0,0.0,0.0,0.0,0.0
2024-08-23,0.0,0.0,0.0,0.0,0.0,0.0
2024-08-26,0.0,0.0,0.0,0.0,0.0,0.0
2024-08-27,0.0,0.0,0.0,0.0,0.0,0.0
2024-08-28,0.0,0.0,0.0,0.0,0.0,0.0
2024-08-29,0.0,0.0,0.0,0.0,0.0,0.0
2024-08-30,0.0,0.0,0.0,0.0,0.0,0.0
2024-09-03,0.0027307862300593455,0.05494280877151242,0.04846066298766499,0.06014605315916268,0.005017439919146091,0.0
2024-09-04,0.0,0.0,0.0,0.0,0.0,0.0
2024-09-05,0.0,0.0,0.0,0.0,0.0,0.0
2024-09-06,0.0,0.0,0.0,0.0,0.0,0.0
2024-09-09,0.0,0.0,0.0,0.0,0.0,0.0
2024-09-10,0.0,0.0,0.0,0.0,0.0,0.0
2024-09-11,0.0,0.0,0.0,0.0,0.0,0.0
2024-09-12,0.0,0.0,0.0,0.0,0.0,0.0
2024-09-13,0.0,0.0,0.0,0.0,0.0,0.0
2024-09-16,0.0,0.0,0.0,0.0,0.0,0.0
2024-09-17,0.0,0.0,0.0,0.0,0.0,0.0
2024-09-18,0.0,0.0,0.0,0.0,0.0,0.0
2024-09-19,0.0,0.0,0.0,0.0,0.0,0.0
2024-09-20,0.0,0.0,0.0,0.0,0.0,0.0
2024-09-23,0.0,0.0,0.0,0.0,0.0,0.0
2024-09-24,0.0,0.0,0.0,0.0,0.0,0.0
2024-09-25,0.0,0.0,0.0,0.0,0.0,0.0
2024-09-26,0.0,0.0,0.0,0.0,0.0,0.0
2024-09-27,0.0,0.0,0.0,0.0,0.0,0.0
2024-09-30,0.0,0.0,0.0,0.0,0.0,0.0
2024-10-01,0.5473278217640941,0.058274535499887016,1.0000137788838188,0.22357773105689338,0.012551568804840249,0.0
2024-10-02,0.0,0.0,0.0,0.0,0.0,0.0
2024-10-03,0.0,0.0,0.0,0.0,0.0,0.0
2024-10-04,0.0,0.0,0.0,0.0,0.0,0.0
2024-10-07,0.0,0.0,0.0,0.0,0.0,0.0
2024-10-08,0.0,0.0,0.0,0.0,0.0,0.0
2024-10-09,0.0,0.0,0.0,0.0,0.0,0.0
2024-10-10,0.0,0.0,0.0,0.0,0.0,0.0
2024-10-11,0.0,0.0,0.0,0.0,0.0,0.0
2024-10-14,0.0,0.0,0.0,0.0,0.0,0.0
2024-10-15,0.0,0.0,0.0,0.0,0.0,0.0
2024-10-16,0.0,0.0,0.0,0.0,0.0,0.0
2024-10-17,0.0,0.0,0.0,0.0,0.0,0.0
2024-10-18,0.0,0.0,0.0,0.0,0.0,0.0
2024-10-21,0.0,0.0,0.0,0.0,0.0,0.0
2024-10-22,0.0,0.0,0.0,0.0,0.0,0.0
2024-10-23,0.0,0.0,0.0,0.0,0.0,0.0
2024-10-24,0.0,0.0,0.0,0.0,0.0,0.0
2024-10-25,0.0,0.0,0.0,0.0,0.0,0.0
2024-10-28,0.0,0.0,0.0,0.0,0.0,0.0
2024-10-29,0.0,0.0,0.0,0.0,0.0,0.0
2024-10-30,0.0,0.0,0.0,0.0,0.0,0.0
2024-10-31,0.0,0.0,0.0,0.0,0.0,0.0
2024-11-01,0.004774613068335765,0.03628354231734753,0.0234748953967866,0.028926449558024814,0.01349226246478856,0.0
2024-11-04,0.0,0.0,0.0,0.0,0.0,0.0
2024-11-05,0.0,0.0,0.0,0.0,0.0,0.0
2024-11-06,0.0,0.0,0.0,0.0,0.0,0.0
2024-11-07,0.0,0.0,0.0,0.0,0.0,0.0
2024-11-08,0.0,0.0,0.0,0.0,0.0,0.0
2024-11-11,0.0,0.0,0.0,0.0,0.0,0.0
2024-11-12,0.0,0.0,0.0,0.0,0.0,0.0
2024-11-13,0.0,0.0,0.0,0.0,0.0,0.0
2024-11-14,0.0,0.0,0.0,0.0,0.0,0.0
2024-11-15,0.0,0.0,0.0,0.0,0.0,0.0
2024-11-18,0.0,0.0,0.0,0.0,0.0,0.0
2024-11-19,0.0,0.0,0.0,0.0,0.0,0.0
2024-11-20,0.0,0.0,0.0,0.0,0.0,0.0
2024-11-21,0.0,0.0,0.0,0.0,0.0,0.0
2024-11-22,0.0,0.0,0.0,0.0,0.0,0.0
2024-11-25,0.0,0.0,0.0,0.0,0.0,0.0
2024-11-26,0.0,0.0,0.0,0.0,0.0,0.0
2024-11-27,0.0,0.0,0.0,0.0,0.0,0.0
2024-11-29,0.0,0.0,0.0,0.0,0.0,0.0
2024-12-02,0.0020777432468892243,0.05467470786855303,0.06854738014715045,0.015900163024561265,0.016396300775977368,0.0
2024-12-03,0.0,0.0,0.0,0.0,0.0,0.0
2024-12-04,0.0,0.0,0.0,0.0,0.0,0.0
2024-12-05,0.0,0.0,0.0,0.0,0.0,0.0
2024-12-06,0.0,0.0,0.0,0.0,0.0,0.0
2024-12-09,0.0,0.0,0.0,0.0,0.0,0.0
2024-12-10,0.0,0.0,0.0,0.0,0.0,0.0
2024-12-11,0.0,0.0,0.0,0.0,0.0,0.0
2024-12-12,0.0,0.0,0.0,0.0,0.0,0.0
2024-12-13,0.0,0.0,0.0,0.0,0.0,0.0
2024-12-16,0.0,0.0,0.0,0.0,0.0,0.0
2024-12-17,0.0,0.0,0.0,0.0,0.0,0.0
2024-12-18,0.0,0.0,0.0,0.0,0.0,0.0
2024-12-19,0.0,0.0,0.0,0.0,0.0,0.0
2024-12-20,0.0,0.0,0.0,0.0,0.0,0.0
2024-12-23,0.0,0.0,0.0,0.0,0.0,0.0
2024-12-24,0.0,0.0,0.0,0.0,0.0,0.0
2024-12-26,0.0,0.0,0.0,0.0,0.0,0.0
2024-12-27,0.0,0.0,0.0,0.0,0.0,0.0
2024-12-30,0.0,0.0,0.0,0.0,0.0,0.0
2024-12-31,0.0,0.0,0.0,0.0,0.0,0.0
2025-01-02,0.013281650280420276,0.0462307022606467,0.0070208032385914165,0.0078080581573162985,0.014238261782931416,0.0
2025-01-03,0.0,0.0,0.0,0.0,0.0,0.0
2025-01-06,0.0,0.0,0.0,0.0,0.0,0.0
2025-01-07,0.0,0.0,0.0,0.0,0.0,0.0
2025-01-08,0.0,0.0,0.0,0.0,0.0,0.0
2025-01-10,0.0,0.0,0.0,0.0,0.0,0.0
2025-01-13,0.0,0.0,0.0,0.0,0.0,0.0
2025-01-14,0.0,0.0,0.0,0.0,0.0,0.0
2025-01-15,0.0,0.0,0.0,0.0,0.0,0.0
2025-01-16,0.0,0.0,0.0,0.0,0.0,0.0
2025-01-17,0.0,0.0,0.0,0.0,0.0,0.0
2025-01-21,0.0,0.0,0.0,0.0,0.0,0.0
2025-01-22,0.0,0.0,0.0,0.0,0.0,0.0
2025-01-23,0.0,0.0,0.0,0.0,0.0,0.0
2025-01-24,0.0,0.0,0.0,0.0,0.0,0.0
2025-01-27,0.0,0.0,0.0,0.0,0.0,0.0
2025-01-28,0.0,0.0,0.0,0.0,0.0,0.0
2025-01-29,0.0,0.0,0.0,0.0,0.0,0.0
2025-01-30,0.0,0.0,0.0,0.0,0.0,0.0
2025-01-31,0.0,0.0,0.0,0.0,0.0,0.0
2025-02-03,0.0005350699710327533,0.028756498861557067,0.5333854758006342,0.12845228689696397,0.006042738343395693,0.0
2025-02-04,0.0,0.0,0.0,0.0,0.0,0.0
2025-02-05,0.0,0.0,0.0,0.0,0.0,0.0
2025-02-06,0.0,0.0,0.0,0.0,0.0,0.0
2025-02-07,0.0,0.0,0.0,0.0,0.0,0.0
2025-02-10,0.0,0.0,0.0,0.0,0.0,0.0
2025-02-11,0.0,0.0,0.0,0.0,0.0,0.0
2025-02-12,0.0,0.0,0.0,0.0,0.0,0.0
2025-02-13,0.0,0.0,0.0,0.0,0.0,0.0
2025-02-14,0.0,0.0,0.0,0.0,0.0,0.0
2025-02-18,0.0,0.0,0.0,0.0,0.0,0.0
2025-02-19,0.0,0.0,0.0,0.0,0.0,0.0
2025-02-20,0.0,0.0,0.0,0.0,0.0,0.0
2025-02-21,0.0,0.0,0.0,0.0,0.0,0.0
2025-02-24,0.0,0.0,0.0,0.0,0.0,0.0
2025-02-25,0.0,0.0,0.0,0.0,0.0,0.0
2025-02-26,0.0,0.0,0.0,0.0,0.0,0.0
2025-02-27,0.0,0.0,0.0,0.0,0.0,0.0
2025-02-28,0.0,0.0,0.0,0.0,0.0,0.0
2025-03-03,0.0031074246063080013,0.054703198066497975,0.08737871750182843,0.029427798023177035,0.01365038485850495,0.0
2025-03-04,0.0,0.0,0.0,0.0,0.0,0.0
2025-03-05,0.0,0.0,0.0,0.0,0.0,0.0
2025-03-06,0.0,0.0,0.0,0.0,0.0,0.0
2025-03-07,0.0,0.0,0.0,0.0,0.0,0.0
2025-03-10,0.0,0.0,0.0,0.0,0.0,0.0
2025-03-11,0.0,0.0,0.0,0.0,0.0,0.0
2025-03-12,0.0,0.0,0.0,0.0,0.0,0.0
2025-03-13,0.0,0.0,0.0,0.0,0.0,0.0
2025-03-14,0.0,0.0,0.0,0.0,0.0,0.0
2025-03-17,0.0,0.0,0.0,0.0,0.0,0.0
2025-03-18,0.0,0.0,0.0,0.0,0.0,0.0
2025-03-19,0.0,0.0,0.0,0.0,0.0,0.0
2025-03-20,0.0,0.0,0.0,0.0,0.0,0.0
2025-03-21,0.0,0.0,0.0,0.0,0.0,0.0
2025-03-24,0.0,0.0,0.0,0.0,0.0,0.0
2025-03-25,0.0,0.0,0.0,0.0,0.0,0.0
2025-03-26,0.0,0.0,0.0,0.0,0.0,0.0
2025-03-27,0.0,0.0,0.0,0.0,0.0,0.0
2025-03-28,0.0,0.0,0.0,0.0,0.0,0.0
2025-03-31,0.0,0.0,0.0,0.0,0.0,0.0
2025-04-01,0.0055605943385816925,0.03699629212605132,0.0005538239145675139,0.0022545151135405367,0.013401975283660508,0.0
2025-04-02,0.0,0.0,0.0,0.0,0.0,0.0
2025-04-03,0.0,0.0,0.0,0.0,0.0,0.0
2025-04-04,0.0,0.0,0.0,0.0,0.0,0.0
2025-04-07,0.0,0.0,0.0,0.0,0.0,0.0
2025-04-08,0.0,0.0,0.0,0.0,0.0,0.0
2025-04-09,0.0,0.0,0.0,0.0,0.0,0.0
2025-04-10,0.0,0.0,0.0,0.0,0.0,0.0
2025-04-11,0.0,0.0,0.0,0.0,0.0,0.0
2025-04-14,0.0,0.0,0.0,0.0,0.0,0.0
2025-04-15,0.0,0.0,0.0,0.0,0.0,0.0
2025-04-16,0.0,0.0,0.0,0.0,0.0,0.0
2025-04-17,0.0,0.0,0.0,0.0,0.0,0.0
2025-04-21,0.0,0.0,0.0,0.0,0.0,0.0
2025-04-22,0.0,0.0,0.0,0.0,0.0,0.0
2025-04-23,0.0,0.0,0.0,0.0,0.0,0.0
2025-04-24,0.0,0.0,0.0,0.0,0.0,0.0
2025-04-25,0.0,0.0,0.0,0.0,0.0,0.0
2025-04-28,0.0,0.0,0.0,0.0,0.0,0.0
2025-04-29,0.0,0.0,0.0,0.0,0.0,0.0
2025-04-30,0.0,0.0,0.0,0.0,0.0,0.0
2025-05-01,0.015221794301504193,0.058345679366287255,0.05413440019556817,0.09759107654536012,0.01827561732570003,0.0
2025-05-02,0.0,0.0,0.0,0.0,0.0,0.0
2025-05-05,0.0,0.0,0.0,0.0,0.0,0.0
2025-05-06,0.0,0.0,0.0,0.0,0.0,0.0
2025-05-07,0.0,0.0,0.0,0.0,0.0,0.0
2025-05-08,0.0,0.0,0.0,0.0,0.0,0.0
2025-05-09,0.0,0.0,0.0,0.0,0.0,0.0
2025-05-12,0.0,0.0,0.0,0.0,0.0,0.0
2025-05-13,0.0,0.0,0.0,0.0,0.0,0.0
2025-05-14,0.0,0.0,0.0,0.0,0.0,0.0
2025-05-15,0.0,0.0,0.0,0.0,0.0,0.0
2025-05-16,0.0,0.0,0.0,0.0,0.0,0.0
2025-05-19,0.0,0.0,0.0,0.0,0.0,0.0
2025-05-20,0.0,0.0,0.0,0.0,0.0,0.0
2025-05-21,0.0,0.0,0.0,0.0,0.0,0.0
2025-05-22,0.0,0.0,0.0,0.0,0.0,0.0
2025-05-23,0.0,0.0,0.0,0.0,0.0,0.0
2025-05-27,0.0,0.0,0.0,0.0,0.0,0.0
2025-05-28,0.0,0.0,0.0,0.0,0.0,0.0
2025-05-29,0.0,0.0,0.0,0.0,0.0,0.0
2025-05-30,0.0,0.0,0.0,0.0,0.0,0.0
2025-06-02,0.009468776431672266,0.045905061923889504,0.011743441227214518,0.010405922839071838,0.012976101984452662,0.0
2025-06-03,0.0,0.0,0.0,0.0,0.0,0.0
2025-06-04,0.0,0.0,0.0,0.0,0.0,0.0
2025-06-05,0.0,0.0,0.0,0.0,0.0,0.0
2025-06-06,0.0,0.0,0.0,0.0,0.0,0.0
2025-06-09,0.0,0.0,0.0,0.0,0.0,0.0
2025-06-10,0.0,0.0,0.0,0.0,0.0,0.0
2025-06-11,0.0,0.0,0.0,0.0,0.0,0.0
2025-06-12,0.0,0.0,0.0,0.0,0.0,0.0
2025-06-13,0.0,0.0,0.0,0.0,0.0,0.0
2025-06-16,0.0,0.0,0.0,0.0,0.0,0.0
2025-06-17,0.0,0.0,0.0,0.0,0.0,0.0
2025-06-18,0.0,0.0,0.0,0.0,0.0,0.0
2025-06-20,0.0,0.0,0.0,0.0,0.0,0.0
2025-06-23,0.0,0.0,0.0,0.0,0.0,0.0
2025-06-24,0.0,0.0,0.0,0.0,0.0,0.0
2025-06-25,0.0,0.0,0.0,0.0,0.0,0.0
2025-06-26,0.0,0.0,0.0,0.0,0.0,0.0
2025-06-27,0.0,0.0,0.0,0.0,0.0,0.0
2025-06-30,0.0,0.0,0.0,0.0,0.0,0.0
2025-07-01,0.0004105613688080989,0.009931306998939252,0.656902686329592,0.08357667346510667,0.007419276893093574,0.0
2025-07-02,0.0,0.0,0.0,0.0,0.0,0.0
2025-07-03,0.0,0.0,0.0,0.0,0.0,0.0
2025-07-07,0.0,0.0,0.0,0.0,0.0,0.0
2025-07-08,0.0,0.0,0.0,0.0,0.0,0.0
2025-07-09,0.0,0.0,0.0,0.0,0.0,0.0
2025-07-10,0.0,0.0,0.0,0.0,0.0,0.0
2025-07-11,0.0,0.0,0.0,0.0,0.0,0.0
2025-07-14,0.0,0.0,0.0,0.0,0.0,0.0
2025-07-15,0.0,0.0,0.0,0.0,0.0,0.0
2025-07-16,0.0,0.0,0.0,0.0,0.0,0.0
2025-07-17,0.0,0.0,0.0,0.0,0.0,0.0
2025-07-18,0.0,0.0,0.0,0.0,0.0,0.0
2025-07-21,0.0,0.0,0.0,0.0,0.0,0.0
2025-07-22,0.0,0.0,0.0,0.0,0.0,0.0
2025-07-23,0.0,0.0,0.0,0.0,0.0,0.0
2025-07-24,0.0,0.0,0.0,0.0,0.0,0.0
2025-07-25,0.0,0.0,0.0,0.0,0.0,0.0
2025-07-28,0.0,0.0,0.0,0.0,0.0,0.0
2025-07-29,0.0,0.0,0.0,0.0,0.0,0.0
2025-07-30,0.0,0.0,0.0,0.0,0.0,0.0
2025-07-31,0.0,0.0,0.0,0.0,0.0,0.0
2025-08-01,0.7061783514766328,0.11949436656153177,0.7565930911301604,0.21535670809929916,0.005591557467300334,0.0
2025-08-04,0.0,0.0,0.0,0.0,0.0,0.0
2025-08-05,0.0,0.0,0.0,0.0,0.0,0.0
2025-08-06,0.0,0.0,0.0,0.0,0.0,0.0
2025-08-07,0.0,0.0,0.0,0.0,0.0,0.0
2025-08-08,0.0,0.0,0.0,0.0,0.0,0.0
2025-08-11,0.0,0.0,0.0,0.0,0.0,0.0
2025-08-12,0.0,0.0,0.0,0.0,0.0,0.0
2025-08-13,0.0,0.0,0.0,0.0,0.0,0.0
2025-08-14,0.0,0.0,0.0,0.0,0.0,0.0
2025-08-15,0.0,0.0,0.0,0.0,0.0,0.0
2025-08-18,0.0,0.0,0.0,0.0,0.0,0.0
2025-08-19,0.0,0.0,0.0,0.0,0.0,0.0
2025-08-20,0.0,0.0,0.0,0.0,0.0,0.0
2025-08-21,0.0,0.0,0.0,0.0,0.0,0.0
2025-08-22,0.0,0.0,0.0,0.0,0.0,0.0
2025-08-25,0.0,0.0,0.0,0.0,0.0,0.0
2025-08-26,0.0,0.0,0.0,0.0,0.0,0.0
2025-08-27,0.0,0.0,0.0,0.0,0.0,0.0
2025-08-28,0.0,0.0,0.0,0.0,0.0,0.0
2025-08-29,0.0,0.0,0.0,0.0,0.0,0.0
2025-09-02,0.5510528281444474,0.029959132427094297,0.6498711582625583,0.26203701282372394,0.010514170287915445,0.0
2025-09-03,0.0,0.0,0.0,0.0,0.0,0.0
2025-09-04,0.0,0.0,0.0,0.0,0.0,0.0
2025-09-05,0.0,0.0,0.0,0.0,0.0,0.0
2025-09-08,0.0,0.0,0.0,0.0,0.0,0.0
2025-09-09,0.0,0.0,0.0,0.0,0.0,0.0
2025-09-10,0.0,0.0,0.0,0.0,0.0,0.0
2025-09-11,0.0,0.0,0.0,0.0,0.0,0.0
2025-09-12,0.0,0.0,0.0,0.0,0.0,0.0
2025-09-15,0.0,0.0,0.0,0.0,0.0,0.0
2025-09-16,0.0,0.0,0.0,0.0,0.0,0.0
2025-09-17,0.0,0.0,0.0,0.0,0.0,0.0
2025-09-18,0.0,0.0,0.0,0.0,0.0,0.0
2025-09-19,0.0,0.0,0.0,0.0,0.0,0.0
2025-09-22,0.0,0.0,0.0,0.0,0.0,0.0
2025-09-23,0.0,0.0,0.0,0.0,0.0,0.0
2025-09-24,0.0,0.0,0.0,0.0,0.0,0.0
2025-09-25,0.0,0.0,0.0,0.0,0.0,0.0
2025-09-26,0.0,0.0,0.0,0.0,0.0,0.0
2025-09-29,0.0,0.0,0.0,0.0,0.0,0.0
2025-09-30,0.0,0.0,0.0,0.0,0.0,0.0
2025-10-01,0.5418900989217872,0.034436597707707954,0.668551710088221,0.3055553270310689,0.01335762783637666,0.0
2025-10-02,0.0,0.0,0.0,0.0,0.0,0.0
2025-10-03,0.0,0.0,0.0,0.0,0.0,0.0
2025-10-06,0.0,0.0,0.0,0.0,0.0,0.0
2025-10-07,0.0,0.0,0.0,0.0,0.0,0.0
2025-10-08,0.0,0.0,0.0,0.0,0.0,0.0
2025-10-09,0.0,0.0,0.0,0.0,0.0,0.0
2025-10-10,0.0,0.0,0.0,0.0,0.0,0.0
2025-10-13,0.0,0.0,0.0,0.0,0.0,0.0
2025-10-14,0.0,0.0,0.0,0.0,0.0,0.0
2025-10-15,0.0,0.0,0.0,0.0,0.0,0.0
2025-10-16,0.0,0.0,0.0,0.0,0.0,0.0
2025-10-17,0.0,0.0,0.0,0.0,0.0,0.0
2025-10-20,0.0,0.0,0.0,0.0,0.0,0.0
2025-10-21,0.0,0.0,0.0,0.0,0.0,0.0
2025-10-22,0.0,0.0,0.0,0.0,0.0,0.0
2025-10-23,0.0,0.0,0.0,0.0,0.0,0.0
2025-10-24,0.0,0.0,0.0,0.0,0.0,0.0
2025-10-27,0.0,0.0,0.0,0.0,0.0,0.0
2025-10-28,0.0,0.0,0.0,0.0,0.0,0.0
2025-10-29,0.0,0.0,0.0,0.0,0.0,0.0
2025-10-30,0.0,0.0,0.0,0.0,0.0,0.0
2025-10-31,0.0,0.0,0.0,0.0,0.0,0.0
2025-11-03,0.009538288568775144,0.11976817474203788,0.051322201586625454,0.15611599798335593,0.014147280150152763,0.0
2025-11-04,0.0,0.0,0.0,0.0,0.0,0.0
2025-11-05,0.0,0.0,0.0,0.0,0.0,0.0
2025-11-06,0.0,0.0,0.0,0.0,0.0,0.0
2025-11-07,0.0,0.0,0.0,0.0,0.0,0.0
2025-11-10,0.0,0.0,0.0,0.0,0.0,0.0
2025-11-11,0.0,0.0,0.0,0.0,0.0,0.0
2025-11-12,0.0,0.0,0.0,0.0,0.0,0.0
2025-11-13,0.0,0.0,0.0,0.0,0.0,0.0
2025-11-14,0.0,0.0,0.0,0.0,0.0,0.0
2025-11-17,0.0,0.0,0.0,0.0,0.0,0.0
2025-11-18,0.0,0.0,0.0,0.0,0.0,0.0
2025-11-19,0.0,0.0,0.0,0.0,0.0,0.0
2025-11-20,0.0,0.0,0.0,0.0,0.0,0.0
2025-11-21,0.0,0.0,0.0,0.0,0.0,0.0
2025-11-24,0.0,0.0,0.0,0.0,0.0,0.0
2025-11-25,0.0,0.0,0.0,0.0,0.0,0.0
2025-11-26,0.0,0.0,0.0,0.0,0.0,0.0
2025-11-28,0.0,0.0,0.0,0.0,0.0,0.0
2025-12-01,0.7000028914976684,0.04102007872047402,1.0000155869079537,0.28446799381441895,0.012598302474327472,0.0
2025-12-02,0.0,0.0,0.0,0.0,0.0,0.0
2025-12-03,0.0,0.0,0.0,0.0,0.0,0.0
2025-12-04,0.0,0.0,0.0,0.0,0.0,0.0
2025-12-05,0.0,0.0,0.0,0.0,0.0,0.0
2025-12-08,0.0,0.0,0.0,0.0,0.0,0.0
2025-12-09,0.0,0.0,0.0,0.0,0.0,0.0
2025-12-10,0.0,0.0,0.0,0.0,0.0,0.0
2025-12-11,0.0,0.0,0.0,0.0,0.0,0.0
2025-12-12,0.0,0.0,0.0,0.0,0.0,0.0
2025-12-15,0.0,0.0,0.0,0.0,0.0,0.0
2025-12-16,0.0,0.0,0.0,0.0,0.0,0.0
2025-12-17,0.0,0.0,0.0,0.0,0.0,0.0
2025-12-18,0.0,0.0,0.0,0.0,0.0,0.0
2025-12-19,0.0,0.0,0.0,0.0,0.0,0.0
2025-12-22,0.0,0.0,0.0,0.0,0.0,0.0
2025-12-23,0.0,0.0,0.0,0.0,0.0,0.0
2025-12-24,0.0,0.0,0.0,0.0,0.0,0.0
2025-12-26,0.0,0.0,0.0,0.0,0.0,0.0
2025-12-29,0.0,0.0,0.0,0.0,0.0,0.0
2025-12-30,0.0,0.0,0.0,0.0,0.0,0.0
2025-12-31,0.7002085417781393,0.047106433879706526,1.0003013168571009,0.22899883356591633,0.009658698217548542,0.0
